Date	Open	High	Low	Close	Volume

01/08/2019 16:30:00	79.14	79.14	79.14	79.64	51
02/08/2019 16:30:00	78.63	78.63	77.58	77.42	3309
05/08/2019 16:30:00	77.3	77.3	76	75.95	735
06/08/2019 16:30:00	76.07	76.25	75.77	76.01	6528470
07/08/2019 16:30:00	76.61	76.61	75.4	75.85	2035
08/08/2019 16:30:00	77.16	77.38	77.16	77.26	337
09/08/2019 16:30:00	77.53	77.73	76.99	76.74	5154
12/08/2019 16:30:00	77.1	77.1	76.6	76.5	150
13/08/2019 16:30:00	76	77.39	76	77.1	4887
14/08/2019 16:30:00	77.07	77.07	75.6	75.5	106727
15/08/2019 16:30:00	75.78	75.78	75	75.15	3447
16/08/2019 16:30:00	76.06	76.29	76.06	76.19	610
19/08/2019 16:30:00	77.04	77.09	77.01	77.08	503
21/08/2019 16:30:00	77.2	77.2	76.94	77.22	1026
22/08/2019 16:30:00	77.22	77.35	77.22	76.8	2702
23/08/2019 16:30:00	77.35	77.35	77	76.18	335
27/08/2019 16:30:00	76.25	76.63	76.08	76.16	1370
28/08/2019 16:30:00	76	76.24	76	76.37	73
29/08/2019 16:30:00	77.21	77.21	77.21	77.13	272
30/08/2019 16:30:00	77.36	77.84	77.36	77.11	804
02/09/2019 16:30:00	77.33	77.33	77.11	77.08	101435
03/09/2019 16:30:00	76.96	76.96	76.75	76.83	47808
04/09/2019 16:30:00	77.65	77.85	77.63	77.85	23625
05/09/2019 16:30:00	78.41	78.9	78.34	78.82	1564
06/09/2019 16:30:00	78.89	79	78.81	78.98	5172
09/09/2019 16:30:00	79.11	79.24	78.98	79.07	7480
10/09/2019 16:30:00	78.72	78.82	78.72	78.69	1931
11/09/2019 16:30:00	79.28	79.28	79.22	79.35	836
12/09/2019 16:30:00	79.82	79.97	79.75	79.93	20338
13/09/2019 16:30:00	80.22	80.22	80.1	80.19	205
16/09/2019 16:30:00	79.77	79.83	79.6	79.78	329
17/09/2019 16:30:00	79.61	79.77	79.5	79.73	825
18/09/2019 16:30:00	79.8	79.8	79.77	79.71	1374
19/09/2019 16:30:00	79.69	80.28	79.69	80.24	942
20/09/2019 16:30:00	80.15	80.21	80.08	80.03	824
23/09/2019 16:30:00	79.98	79.98	79.4	79.55	8492
24/09/2019 16:30:00	79.76	79.86	79.64	79.52	6596
25/09/2019 16:30:00	79.07	79.08	78.63	78.94	7593
26/09/2019 16:30:00	78.99	78.99	78.99	78.96	100
27/09/2019 16:30:00	79.36	79.45	79.25	79.29	5678
30/09/2019 16:30:00	79.2	79.2	78.94	79.1	1718
01/10/2019 16:30:00	79.41	79.41	78.74	78.64	5106
02/10/2019 16:30:00	78.57	78.57	77	76.94	3857
03/10/2019 16:30:00	77.13	77.13	76.72	77.18	2837
04/10/2019 16:30:00	77.54	77.78	77.54	77.88	820
07/10/2019 16:30:00	77.98	78.1	77.98	78.32	229
08/10/2019 16:30:00	78.4	78.4	77.66	77.21	795
09/10/2019 16:30:00	77.31	77.31	77.31	77.53	720
10/10/2019 16:30:00	77.78	77.78	77.78	78.39	100
11/10/2019 16:30:00	79.64	79.64	79.64	79.74	204
14/10/2019 16:30:00	79.47	79.47	79.13	79.14	827
15/10/2019 16:30:00	79.69	79.69	79.42	79.98	2776
16/10/2019 16:30:00	79.95	79.95	79.93	79.93	376
17/10/2019 16:30:00	79.88	80.51	79.87	80.15	7040
18/10/2019 16:30:00	80	80.09	79.95	80.01	16900
21/10/2019 16:30:00	80.11	80.4	80.11	80.3	1656
22/10/2019 16:30:00	80.57	80.57	80.29	80.5	509
23/10/2019 16:30:00	80.12	80.29	80	80.33	3250
24/10/2019 16:30:00	80.78	80.78	80.78	80.57	471
25/10/2019 16:30:00	80.64	80.91	80.48	80.9	694
28/10/2019 16:30:00	81.1	81.32	80.98	81.31	1109
29/10/2019 16:30:00	81.3	81.32	81.1	81.33	2251
30/10/2019 16:30:00	81.29	81.29	80.96	81.18	164
31/10/2019 16:30:00	81.73	81.73	81	81.03	2198
01/11/2019 16:30:00	81.5	81.96	81.42	81.88	1715
04/11/2019 16:30:00	82.38	82.61	82.38	82.46	6027
05/11/2019 16:30:00	82.62	82.68	82.4	82.4	6403
06/11/2019 16:30:00	82.35	82.49	82.35	82.35	4829
07/11/2019 16:30:00	82.91	82.95	82.78	82.83	1573
08/11/2019 16:30:00	82.66	82.66	82.42	82.43	21039
11/11/2019 16:30:00	82.33	82.35	82.15	82.39	13952
12/11/2019 16:30:00	82.58	82.76	82.55	82.74	5371
13/11/2019 16:30:00	82.4	82.4	82.11	82.36	24732
14/11/2019 16:30:00	82.35	82.41	82.3	82.32	1654
15/11/2019 16:30:00	82.7	82.78	82.57	82.93	1041
18/11/2019 16:30:00	83.29	83.29	82.9	83.08	11292
19/11/2019 16:30:00	83.28	83.49	82.99	83.01	1709
20/11/2019 16:30:00	82.71	82.72	82.64	82.9	3199
21/11/2019 16:30:00	82.88	82.88	82.4	82.52	15025
22/11/2019 16:30:00	82.69	82.86	82.68	82.54	3204
25/11/2019 16:30:00	83.09	83.37	83.09	83.31	1045
26/11/2019 16:30:00	83.41	83.41	83.26	83.43	8831
27/11/2019 16:30:00	83.61	83.67	83.56	83.53	3104
28/11/2019 16:30:00	83.7	83.73	83.47	83.59	1882
29/11/2019 16:30:00	83.45	83.51	83.36	83.35	1992
02/12/2019 16:30:00	83.39	83.45	82.67	82.63	3420
03/12/2019 16:30:00	82.89	82.89	81.6	81.85	5339
04/12/2019 16:30:00	82.03	82.83	81.98	82.81	3257
05/12/2019 16:30:00	82.98	83.11	82.73	82.78	985
06/12/2019 16:30:00	83.66	83.66	83.63	83.63	197
09/12/2019 16:30:00	83.69	83.72	83.5	83.59	9711
10/12/2019 16:30:00	83.74	83.74	82.97	83.41	11023
11/12/2019 16:30:00	83.39	83.55	83.37	83.52	464
12/12/2019 16:30:00	83.97	84.55	83.66	84.25	683
13/12/2019 16:30:00	85.04	85.15	84.47	84.53	11874
16/12/2019 16:30:00	85.1	85.5	85	85.46	840
17/12/2019 16:30:00	85.65	85.65	85.28	85.39	3637
18/12/2019 16:30:00	85.3	85.49	85.3	85.43	1688
19/12/2019 16:30:00	85.4	85.48	85.3	85.47	4098
20/12/2019 16:30:00	85.62	85.96	85.62	85.91	371
23/12/2019 16:30:00	86.2	86.2	85.85	85.93	4223
24/12/2019 12:30:00	86	86.06	85.95	86.01	907
27/12/2019 16:30:00	86.37	86.74	86.37	86.52	694
30/12/2019 16:30:00	86.68	86.68	86.05	86.09	3314
31/12/2019 12:30:00	86.12	86.12	86	85.94	4272
02/01/2020 16:30:00	86.71	86.9	86.6	86.7	7047
03/01/2020 16:30:00	86.27	86.4	85.54	86.38	1455
06/01/2020 16:30:00	86.1	86.36	85.66	86.21	6049
07/01/2020 16:30:00	86.57	86.76	86.25	86.49	4633
08/01/2020 16:30:00	86.1	86.55	85.98	86.5	20404
09/01/2020 16:30:00	87.16	87.16	87	86.99	4602
10/01/2020 16:30:00	87.29	87.39	87.09	87.14	6504
13/01/2020 16:30:00	87.37	87.4	87.1	87.27	6056
14/01/2020 16:30:00	87.43	87.81	87.37	87.52	663
15/01/2020 16:30:00	87.58	87.79	87.39	87.63	2001
16/01/2020 16:30:00	88.09	88.09	87.8	87.84	5203
17/01/2020 16:30:00	88.55	88.55	88.2	88.29	2353
20/01/2020 16:30:00	88.24	88.31	88.16	88.25	5241
21/01/2020 16:30:00	87.79	88.1	87.6	88.07	6596
22/01/2020 16:30:00	88.21	88.43	88.18	88.15	4359
23/01/2020 16:30:00	87.92	87.92	87.39	87.36	43398
24/01/2020 16:30:00	88.22	88.24	88.2	87.67	1093
27/01/2020 16:30:00	86.43	86.43	85.5	85.56	11356
28/01/2020 16:30:00	86.09	86.49	85.65	86.46	1843
29/01/2020 16:30:00	86.69	86.85	86.4	86.71	4988
30/01/2020 16:30:00	85.64	85.95	85.5	85.74	7330
31/01/2020 16:30:00	86.14	86.2	85.13	85.12	3965
03/02/2020 16:30:00	85.78	85.78	85.17	85.53	2543
04/02/2020 16:30:00	86.01	86.97	86.01	87	25252
05/02/2020 16:30:00	86.73	87.82	86.73	87.51	7554
06/02/2020 16:30:00	88.38	88.38	87.8	88.03	5161
07/02/2020 16:30:00	87.87	87.9	87.48	87.61	9079
10/02/2020 16:30:00	87.4	87.59	87.17	87.53	8419
11/02/2020 16:30:00	88.24	88.6	88.09	88.41	2908
12/02/2020 16:30:00	88.42	88.69	87.87	88.68	1844
13/02/2020 16:30:00	88.2	88.5	87.91	88.5	6217
14/02/2020 16:30:00	88.68	88.68	88.42	88.43	2884
17/02/2020 16:30:00	88.73	88.76	88.54	88.61	1966
18/02/2020 16:30:00	87.95	88.22	87.86	87.86	5443
19/02/2020 16:30:00	88.53	88.59	88.32	88.66	2658
20/02/2020 16:30:00	88.55	88.56	88.2	87.93	15156
21/02/2020 16:30:00	87.6	87.75	87.2	87.5	13494
24/02/2020 16:30:00	85.65	85.65	84.33	84.68	15019
25/02/2020 16:30:00	85.17	85.17	83.45	83.46	15019
26/02/2020 16:30:00	82.86	83.54	81.5	83.33	23391
27/02/2020 16:30:00	82	82	79.8	80.58	14020
28/02/2020 16:30:00	78.17	78.52	76.26	77.2	18650
02/03/2020 16:30:00	79.6	80.09	77.3	79.52	81282
03/03/2020 16:30:00	80.77	82.64	80.03	80.61	14420
04/03/2020 16:30:00	80.57	81.31	80.32	80.78	7628
05/03/2020 16:30:00	81.58	81.58	80.19	80.82	6924
06/03/2020 16:30:00	79.19	79.39	77.49	78.25	18312
09/03/2020 16:30:00	78	78	72.74	73.91	34372
10/03/2020 16:30:00	74.92	76.43	72.77	72.88	154196
11/03/2020 16:30:00	74	74.38	72.75	72.88	26913
12/03/2020 16:30:00	69.35	69.75	65	65.57	21412
13/03/2020 16:30:00	67	69.38	65.23	65.63	84562
16/03/2020 16:30:00	65.16	65.16	61.5	64.37	18078
17/03/2020 16:30:00	65.15	65.15	61.92	64.44	16419
18/03/2020 16:30:00	62.13	62.96	60.93	61.28	66934
19/03/2020 16:30:00	60.95	62.21	60	61.91	36268
20/03/2020 16:30:00	64.32	64.97	61.89	61.72	15216
23/03/2020 16:30:00	58.73	61.63	58.09	58.87	52531
24/03/2020 16:30:00	62.05	63.57	61.7	64.05	4565
25/03/2020 16:30:00	65.55	66.36	63.57	66.02	16613
26/03/2020 16:30:00	65.87	68.28	64.4	68.28	15946
27/03/2020 16:30:00	67.62	67.95	66.02	66.58	28575
30/03/2020 16:30:00	67.13	67.81	65.71	67.81	8156
31/03/2020 16:30:00	68.42	68.68	66.28	68.72	14954
01/04/2020 16:30:00	65.82	66.16	65.21	65.65	69146
02/04/2020 16:30:00	65.93	66.08	64.5	65.76	54657
03/04/2020 16:30:00	65.78	66.08	65.17	65.15	60641
06/04/2020 16:30:00	67.44	68.05	67.44	68.08	33776
07/04/2020 16:30:00	70.15	71.31	69.95	70.51	18291
08/04/2020 16:30:00	69.19	70.27	68.86	70.16	9475
09/04/2020 16:30:00	71.55	72.27	70.25	71.96	17516
14/04/2020 16:30:00	72.53	73.13	72.15	72.57	37345
15/04/2020 16:30:00	72.96	73.35	70.97	71.15	15266
16/04/2020 16:30:00	72.08	72.08	71	71.44	5130
17/04/2020 16:30:00	73.54	73.69	72.69	72.69	3606
20/04/2020 16:30:00	73.4	73.4	72.2	73.25	8984
21/04/2020 16:30:00	72.17	72.52	70.33	70.33	13131
22/04/2020 16:30:00	71.18	71.81	71.18	71.72	3462
23/04/2020 16:30:00	72.17	72.95	71.71	72.86	22560
24/04/2020 16:30:00	71.59	72.33	71.36	71.73	9498
27/04/2020 16:30:00	73.16	73.54	73.16	73.52	13917
28/04/2020 16:30:00	73.57	75	73.52	74.09	10947
29/04/2020 16:30:00	74.53	75.56	74.4	75.33	21906
30/04/2020 16:30:00	76.1	76.17	74.73	74.91	37805
01/05/2020 16:30:00	73.44	73.44	72.85	72.85	16942
04/05/2020 16:30:00	72.53	72.76	71.78	72.31	8288
05/05/2020 16:30:00	73.36	73.96	73	73.89	5913
06/05/2020 16:30:00	74.02	74.15	73.32	73.36	6447
07/05/2020 16:30:00	73.55	74.05	73.4	73.97	4363
11/05/2020 16:30:00	75.52	75.65	74.5	75.04	21730
12/05/2020 16:30:00	74.63	75.48	74.63	75.21	5864
13/05/2020 16:30:00	74.16	74.42	73.4	73.45	9490
14/05/2020 16:30:00	72.58	72.89	71.31	72.36	12358
15/05/2020 16:30:00	73.14	73.55	72.69	72.75	10029
18/05/2020 16:30:00	74.17	75.5	74.1	75.83	18535
19/05/2020 16:30:00	76.54	76.54	75.45	75.92	4958
20/05/2020 16:30:00	75.49	76.66	75.48	76.68	7251
21/05/2020 16:30:00	75.87	76.42	75.5	75.64	20279
22/05/2020 16:30:00	74.82	75.56	74.57	75.3	20988
26/05/2020 16:30:00	77.28	77.63	77.15	77.41	8732
27/05/2020 16:30:00	77.53	78.26	76.5	77.05	14504
28/05/2020 16:30:00	78.42	78.73	78	78.67	10889
29/05/2020 16:30:00	78.01	78.28	77.5	77.65	21985
01/06/2020 16:30:00	79.12	79.23	78.49	78.88	26029
02/06/2020 16:30:00	79.26	80	79.03	79.66	31174
03/06/2020 16:30:00	80.53	81.5	80.48	81.48	32570
04/06/2020 16:30:00	81.01	81.53	80.74	81.13	17946
05/06/2020 16:30:00	81.99	83.45	81.8	83.45	9802
08/06/2020 16:30:00	82.93	83.48	82.85	83.39	29929
09/06/2020 16:30:00	83.74	84.03	82.68	83.27	43979
10/06/2020 16:30:00	83.52	83.81	82.79	83.02	5871
11/06/2020 16:30:00	81.73	81.88	80.15	80.15	13047
12/06/2020 16:30:00	79.06	80.61	78.6	79.27	57746
15/06/2020 16:30:00	77.31	78.85	77.65	78.79	10004
16/06/2020 16:30:00	80.79	82.24	80.75	81.23	30504
17/06/2020 16:30:00	81.28	82.04	81.14	81.31	3671
18/06/2020 16:30:00	81.26	81.55	80.56	81.17	3846
19/06/2020 16:30:00	81.71	82.15	81.48	81.62	7382
22/06/2020 16:30:00	80.77	81.32	80.35	81.08	31612
23/06/2020 16:30:00	81.79	82.56	81.72	82.4	19854
24/06/2020 16:30:00	82.01	82.12	80	80	12647
25/06/2020 16:30:00	79.7	80.22	79.09	79.82	8335
26/06/2020 16:30:00	80.74	80.87	79.29	79.49	9892
29/06/2020 16:30:00	79.5	79.93	79	79.85	25067
30/06/2020 16:30:00	80.08	80.58	79.79	80.52	6345
01/07/2020 16:30:00	80.7	81.42	80.11	80.85	225703
02/07/2020 16:30:00	81.69	82.64	81.65	82.07	7126
03/07/2020 16:30:00	82.4	82.4	81.69	81.72	3557
06/07/2020 16:30:00	83	83.67	83	83.55	5879
07/07/2020 16:30:00	83.21	83.41	82.53	83.36	7677
08/07/2020 16:30:00	82.69	83.16	82.47	82.62	4982
09/07/2020 16:30:00	83.49	83.6	82.06	82.22	8015
10/07/2020 16:30:00	82.16	83.06	82.03	83.01	6724
13/07/2020 16:30:00	83.89	84.57	83.75	84.53	11222
14/07/2020 16:30:00	83.16	83.23	82.39	83.04	8408
15/07/2020 16:30:00	84	84.95	84	84.6	12227
16/07/2020 16:30:00	83.97	84.12	83.61	83.95	19450
17/07/2020 16:30:00	84.04	84.4	83.9	84.27	4760
20/07/2020 16:30:00	84.08	84.84	83.79	84.78	7896
21/07/2020 16:30:00	85.67	86.02	85.58	85.75	22769
22/07/2020 16:30:00	85.61	85.7	84.74	85.43	7606
23/07/2020 16:30:00	86.02	86.21	85.43	85.69	39461
24/07/2020 16:30:00	84.26	84.63	84	84.47	33039
27/07/2020 16:30:00	84.81	85.15	84.46	84.86	6815
28/07/2020 16:30:00	85.18	85.21	84.75	85.08	96845
29/07/2020 16:30:00	84.93	85.35	84.93	85.38	51874
30/07/2020 16:30:00	85.27	85.27	83.92	84.38	210159
31/07/2020 16:30:00	85.19	85.39	84.25	84.46	13559
03/08/2020 16:30:00	84.94	85.72	84.63	85.61	26556
04/08/2020 16:30:00	86.12	86.6	85.43	85.87	9470
05/08/2020 16:30:00	86.5	86.91	86.5	86.9	8800
06/08/2020 16:30:00	86.78	86.9	86.19	86.49	12792
07/08/2020 16:30:00	86.57	86.8	86.44	86.63	8701
10/08/2020 16:30:00	86.87	86.99	86.38	86.61	13118
11/08/2020 16:30:00	87.15	87.98	87.15	87.64	11620
12/08/2020 16:30:00	87.19	88.17	87.19	88.09	10167
13/08/2020 16:30:00	88	88.21	87.81	88.04	8662
14/08/2020 16:30:00	87.97	87.97	87.24	87.77	6044
17/08/2020 16:30:00	87.92	88.24	87.73	88.19	15667
18/08/2020 16:30:00	88.12	88.52	87.95	88.22	4374
19/08/2020 16:30:00	88.37	88.61	88.22	88.5	5350
20/08/2020 16:30:00	87.39	87.62	87.13	87.6	10895
21/08/2020 16:30:00	88.09	88.26	87.28	87.78	6705
24/08/2020 16:30:00	88.55	89.12	87.95	88.65	11196
25/08/2020 16:30:00	89.35	89.64	88.95	89.01	4773
26/08/2020 16:30:00	89.3	89.68	89.2	89.64	14601
27/08/2020 16:30:00	90.02	90.43	89.8	89.98	5697
28/08/2020 16:30:00	90.3	90.4	89.98	90.23	5199
01/09/2020 16:30:00	90.6	90.81	90.05	90.32	10726
02/09/2020 16:30:00	91.03	91.51	90.79	90.97	19989
03/09/2020 16:30:00	91.5	91.8	88.73	89.19	33533
04/09/2020 16:30:00	88.7	89.74	86.75	87.14	26255
07/09/2020 16:30:00	88.02	88.95	88	88.73	5871
08/09/2020 16:30:00	88.9	89.08	86.66	87.12	23883
09/09/2020 16:30:00	86.76	88.18	86.5	88.16	15215
10/09/2020 16:30:00	88.43	89.18	87.7	88.32	12232
11/09/2020 16:30:00	87.76	87.95	87.2	87.46	21650
14/09/2020 16:30:00	88.23	88.65	87.9	88.52	10521
15/09/2020 16:30:00	88.63	89.28	88.53	89.13	5460
16/09/2020 16:30:00	89.05	89.52	89	89.32	7142
17/09/2020 16:30:00	87.42	88.42	87.27	88.18	14864
18/09/2020 16:30:00	88.29	88.54	87.78	87.81	5597
21/09/2020 16:30:00	87.3	87.35	84.82	84.92	31995
22/09/2020 16:30:00	85.99	86.38	85.56	85.59	11890
23/09/2020 16:30:00	86.65	86.98	86.03	86.03	10363
24/09/2020 16:30:00	84.65	85.05	84.11	84.86	10996
25/09/2020 16:30:00	85	85.22	84.1	85.15	13448
28/09/2020 16:30:00	86.01	87.27	86.01	87.27	17732
29/09/2020 16:30:00	87.32	87.37	86.9	86.97	5526
30/09/2020 16:30:00	86.8	87.76	86.31	87.57	6368
01/10/2020 16:30:00	88.03	88.5	87.5	87.88	7368
02/10/2020 16:30:00	86.76	87.65	86.35	87.37	8144
05/10/2020 16:30:00	87.88	88.65	87.56	88.38	12776
06/10/2020 16:30:00	88.61	89	88.34	88.62	9145
07/10/2020 16:30:00	88.45	88.86	88.21	88.79	9863
08/10/2020 16:30:00	89.42	89.6	89.1	89.3	4233
09/10/2020 16:30:00	89.7	90.28	89.7	90.2	19535
12/10/2020 16:30:00	90.49	91.41	90.45	91.31	14252
13/10/2020 16:30:00	91.22	91.52	90.86	91.02	21710
14/10/2020 16:30:00	91.05	91.26	90.65	90.91	10799
15/10/2020 16:30:00	89.83	90.18	89	89.42	34353
16/10/2020 16:30:00	90.07	90.7	89.88	90.27	20616
19/10/2020 16:30:00	90.31	90.65	89.92	90.07	9485
20/10/2020 16:30:00	89.47	90	89.4	89.64	12430
21/10/2020 16:30:00	90.05	90.05	89.18	89.45	26580
22/10/2020 16:30:00	89.08	89.5	88.8	89.28	9943
23/10/2020 16:30:00	89.83	90.19	89.5	89.58	10442
26/10/2020 16:30:00	88.89	89.64	88.1	88.1	17555
27/10/2020 16:30:00	88.63	88.84	88.12	88.34	13903
28/10/2020 16:30:00	87.46	87.55	85.5	85.95	24142
29/10/2020 16:30:00	86.01	86.54	85.05	85.74	219292
30/10/2020 16:30:00	84.64	85.7	84.47	85.05	20368
02/11/2020 16:30:00	85.48	86.49	85.25	86.17	20928
03/11/2020 16:30:00	86.78	88.17	86.78	88.04	15015
04/11/2020 16:30:00	87.15	89.94	87	89.86	17490
05/11/2020 16:30:00	90.7	91.7	90.7	91.5	13140
06/11/2020 16:30:00	91.19	91.8	90.44	91.47	11817
09/11/2020 16:30:00	92.85	95.87	92.65	93.95	30202
10/11/2020 16:30:00	92.89	93.34	92.25	92.78	76258
11/11/2020 16:30:00	93.05	93.65	93	93.57	103708
12/11/2020 16:30:00	92.97	93.65	92.97	93.27	23446
13/11/2020 16:30:00	92.96	93.59	92.96	93.32	5631
16/11/2020 16:30:00	94.56	95.15	94.08	94.86	10957
17/11/2020 16:30:00	94.71	95.17	94.2	94.77	15760
18/11/2020 16:30:00	94.63	95.23	94.63	95	7594
19/11/2020 16:30:00	94.03	94.21	93.35	94.1	12067
20/11/2020 16:30:00	94.14	94.67	94.1	94.48	15519
23/11/2020 16:30:00	94.82	95.05	94.23	94.38	15265
24/11/2020 16:30:00	95.27	95.99	95.21	95.96	14482
25/11/2020 16:30:00	96.19	96.24	95.6	95.88	26954
26/11/2020 16:30:00	96.21	96.68	95.98	96.06	7582
27/11/2020 16:30:00	96.17	96.62	96.16	96.55	11809
30/11/2020 16:30:00	95.69	96.31	95.2	95.2	16487
01/12/2020 16:30:00	96	96.95	96	96.88	14565
02/12/2020 16:30:00	96.59	96.9	96.35	96.81	25365
03/12/2020 16:30:00	97.18	97.58	96.82	97.5	18665
04/12/2020 16:30:00	97.49	97.9	97.41	97.88	18425
07/12/2020 16:30:00	97.8	98.03	97.17	97.91	9574
08/12/2020 16:30:00	97.61	97.96	97.2	97.87	20508
09/12/2020 16:30:00	98.35	98.61	97.87	97.95	14956
10/12/2020 16:30:00	97.57	97.81	96.88	97.74	14581
11/12/2020 16:30:00	97.59	97.67	96.6	97.06	21620
14/12/2020 16:30:00	97.88	98.21	97.75	97.72	29661
15/12/2020 16:30:00	97.27	97.84	97.27	97.71	35211
16/12/2020 16:30:00	98.3	98.71	98.25	98.44	10870
17/12/2020 16:30:00	99.21	99.34	99.03	99.13	20501
18/12/2020 16:30:00	98.97	99.5	98.65	98.77	83335
21/12/2020 16:30:00	98.15	99.28	95.88	97.46	37702
22/12/2020 16:30:00	97.73	98.42	97.73	97.94	17500
23/12/2020 16:30:00	98.3	98.78	98.3	98.64	20933
24/12/2020 12:30:00	98.65	98.87	98.64	98.66	4011
29/12/2020 16:30:00	99.87	100.18	99.48	99.76	76758
30/12/2020 16:30:00	99.99	100.3	99.98	100.06	27220
31/12/2020 12:30:00	99.82	100	99.66	99.85	8810
04/01/2021 16:30:00	100.92	101.3	99.34	99.51	39211
05/01/2021 16:30:00	99.36	100.44	99.28	99.93	26003
06/01/2021 16:30:00	100.28	101.36	99.64	101.18	19446
07/01/2021 16:30:00	101.38	102	100.92	101.78	17127
08/01/2021 16:30:00	102.54	102.74	102.14	102.46	27193
11/01/2021 16:30:00	102.16	102.36	101.5	102.13	50497
12/01/2021 16:30:00	102.22	102.5	101.78	102.1	21063
13/01/2021 16:30:00	102.48	102.48	101.9	102.36	14079
14/01/2021 16:30:00	102.56	102.96	102.5	102.88	14164
15/01/2021 16:30:00	102.1	102.3	100.9	101.6	61324
18/01/2021 16:30:00	101.24	101.68	101.2	101.66	9710
19/01/2021 16:30:00	102.48	102.56	101.89	102.04	26354
20/01/2021 16:30:00	102.76	103.42	102.66	103.22	41831
21/01/2021 16:30:00	103.98	104.08	103.42	103.54	16826
22/01/2021 16:30:00	103.1	103.28	102.64	103.1	15469
25/01/2021 16:30:00	103.84	103.9	102.1	102.54	26344
26/01/2021 16:30:00	102.7	103.6	102.64	103.22	14124
27/01/2021 16:30:00	103	103.18	100.8	101.5	29328
28/01/2021 16:30:00	100.18	102	99.44	101.79	31992
29/01/2021 16:30:00	99.97	100.92	99.7	99.84	46594
01/02/2021 16:30:00	100.52	100.86	100.2	100.72	230136
02/02/2021 16:30:00	101.64	102.58	101.5	102.52	22999
03/02/2021 16:30:00	103.16	103.16	102.34	102.56	1554531
04/02/2021 16:30:00	102.68	103.12	102.56	103	555265
05/02/2021 16:30:00	103.54	104.02	103.12	103.78	281242
08/02/2021 16:30:00	104.3	104.66	104	104.32	32012
09/02/2021 16:30:00	104.76	104.88	104.42	104.74	14025
10/02/2021 16:30:00	105.32	105.86	104.38	104.82	24408
11/02/2021 16:30:00	105.26	105.52	105.02	105.42	20080
12/02/2021 16:30:00	105.08	105.66	104.76	105.66	17184
15/02/2021 16:30:00	106.42	106.74	106.16	106.62	17687
16/02/2021 16:30:00	106.72	107	106.12	106.16	32319
17/02/2021 16:30:00	105.98	106.12	105.12	105.2	29400
18/02/2021 16:30:00	105.32	105.62	104.32	104.82	21213
19/02/2021 16:30:00	105.14	105.9	105.1	105.82	15768
22/02/2021 16:30:00	104.48	104.76	103.96	104.58	33022
23/02/2021 16:30:00	104.9	104.92	102.56	103.82	30898
24/02/2021 16:30:00	103.9	104.66	103.56	104.6	11788
25/02/2021 16:30:00	105.32	105.38	104.3	104.3	12864
26/02/2021 16:30:00	102.04	102.98	101.32	102.02	60371
01/03/2021 16:30:00	103.04	104.16	102.9	104.06	21073
02/03/2021 16:30:00	103.4	104.18	103.2	103.58	18987
03/03/2021 16:30:00	104.34	104.46	102.8	103.53	25131
04/03/2021 16:30:00	102.36	102.88	101.64	102.51	36066
05/03/2021 16:30:00	100.98	102.18	100.06	100.28	37871
08/03/2021 16:30:00	101.56	102.94	101.1	102.64	20476
09/03/2021 16:30:00	102.22	103.56	102.1	103.46	19155
10/03/2021 16:30:00	102.96	104.02	102.76	103.62	19740
11/03/2021 16:30:00	104.5	105.16	104.42	105.11	12685
12/03/2021 16:30:00	104.5	104.6	104	104.33	11722
15/03/2021 16:30:00	104.74	105.14	104.3	104.8	25085
16/03/2021 16:30:00	105.4	105.7	105.22	105.4	23563
17/03/2021 16:30:00	105.2	105.64	104.58	104.74	103126
18/03/2021 16:30:00	105.52	105.9	104.9	105.46	25654
19/03/2021 16:30:00	104.66	104.78	103.7	104.56	15808
22/03/2021 16:30:00	103.96	104.92	103.96	104.94	16027
23/03/2021 16:30:00	104.46	104.7	104.02	104.4	86822
24/03/2021 16:30:00	103.4	104	103.34	103.96	21515
25/03/2021 16:30:00	103.06	103.38	102.2	103.12	24807
26/03/2021 16:30:00	103.92	104.22	103.62	104.22	12449
29/03/2021 16:30:00	104.38	104.82	104.1	104.31	24442
30/03/2021 16:30:00	104.7	104.98	104.2	104.58	36253
31/03/2021 16:30:00	104.42	105.04	104.32	104.86	138644
01/04/2021 16:30:00	105.18	105.88	105.1	105.82	27484
06/04/2021 16:30:00	107.42	107.42	106.52	107.36	34459
07/04/2021 16:30:00	107.2	107.34	106.78	107	49706
08/04/2021 16:30:00	107.6	107.68	107.38	107.66	20031
09/04/2021 16:30:00	107.68	107.8	107.38	107.67	51328
12/04/2021 16:30:00	107.7	107.98	107.6	107.74	65088
13/04/2021 16:30:00	107.84	108.18	107.48	108.09	118536
14/04/2021 16:30:00	108.54	108.8	108.4	108.71	21496
15/04/2021 16:30:00	108.62	109.3	108.6	109.09	34346
16/04/2021 16:30:00	109.14	109.72	109.12	109.56	23404
19/04/2021 16:30:00	109.58	109.8	109.12	109.32	41150
20/04/2021 16:30:00	109.44	109.5	107.9	107.9	41628
21/04/2021 16:30:00	108.2	108.72	107.76	108.72	1453059
22/04/2021 16:30:00	109.16	109.3	108.92	109.22	20858
23/04/2021 16:30:00	108.72	109.44	108.72	109.44	25234
26/04/2021 16:30:00	109.64	109.98	109.42	109.84	23964
27/04/2021 16:30:00	109.88	110	109.54	109.73	20345
28/04/2021 16:30:00	109.82	110.08	109.64	109.98	11624
29/04/2021 16:30:00	110.42	110.7	109.68	109.84	27176
30/04/2021 16:30:00	109.9	110	109.1	109.24	79837
04/05/2021 16:30:00	109.48	109.54	107.8	107.98	57437
05/05/2021 16:30:00	108.74	109.3	108.66	109.27	23252
06/05/2021 16:30:00	109.2	109.42	108.66	109.08	18814
07/05/2021 16:30:00	109.9	110.96	109.78	110.96	36333
10/05/2021 16:30:00	110.94	111	110.48	110.75	15948
11/05/2021 16:30:00	109.14	109.18	107.8	108.74	46869
12/05/2021 16:30:00	108.42	108.8	107.32	107.32	38509
13/05/2021 16:30:00	106.66	107.74	105.56	107.4	50815
14/05/2021 16:30:00	108.14	108.98	107.9	108.95	19735
17/05/2021 16:30:00	108.96	109.18	108.5	108.66	24375
18/05/2021 16:30:00	109.78	109.9	109.2	109.34	34174
19/05/2021 16:30:00	108.4	108.42	107.1	107.7	72063
20/05/2021 16:30:00	108.38	109.42	107.72	109.42	10745
21/05/2021 16:30:00	109.66	109.96	109.42	109.57	17629
24/05/2021 16:30:00	109.56	110.36	109.56	110.32	52743
25/05/2021 16:30:00	110.88	110.9	110.28	110.28	16902
26/05/2021 16:30:00	110.68	110.8	110.28	110.44	23713
27/05/2021 16:30:00	110.18	110.96	110.18	110.71	88512
28/05/2021 16:30:00	110.94	111.24	110.86	111.12	28980
01/06/2021 16:30:00	111.34	111.98	111.24	111.35	45074
02/06/2021 16:30:00	111.18	111.66	111.04	111.62	39270
03/06/2021 16:30:00	111.38	111.5	110.4	110.98	32316
04/06/2021 16:30:00	110.94	111.9	110.7	111.72	18347
07/06/2021 16:30:00	111.64	111.98	111.28	111.72	17463
08/06/2021 16:30:00	111.9	112.18	111.5	111.68	23824
09/06/2021 16:30:00	111.84	111.98	111.68	111.85	12043
10/06/2021 16:30:00	111.78	112.3	111.4	112.02	28875
11/06/2021 16:30:00	112.22	112.48	111.98	112.06	19888
14/06/2021 16:30:00	112.38	112.7	112.18	112.22	17511
15/06/2021 16:30:00	112.84	112.9	112.24	112.24	23182
16/06/2021 16:30:00	112.42	112.54	112.2	112.4	10383
17/06/2021 16:30:00	111.18	111.8	111	111.64	48012
18/06/2021 16:30:00	111.42	111.48	109.96	110.1	45733
21/06/2021 16:30:00	109.54	110.98	109.38	110.92	21821
22/06/2021 16:30:00	111.22	111.46	110.72	111.36	18050
23/06/2021 16:30:00	111.82	112.2	111.48	111.48	54322
24/06/2021 16:30:00	111.7	112.24	111.68	112.08	9896
25/06/2021 16:30:00	112.42	112.62	112.24	112.56	18545
28/06/2021 16:30:00	112.6	112.72	112.34	112.36	28556
29/06/2021 16:30:00	112.4	112.74	112.34	112.62	11459
30/06/2021 16:30:00	112.56	112.7	111.94	112.2	19302
01/07/2021 16:30:00	112.34	112.76	112.08	112.44	16879
02/07/2021 16:30:00	112.48	112.94	112.4	112.82	18120
05/07/2021 16:30:00	112.96	113.26	112.82	113.17	11860
06/07/2021 16:30:00	113.2	113.26	112.14	112.48	42543
07/07/2021 16:30:00	112.78	113.14	112.4	112.81	28819
08/07/2021 16:30:00	112.22	112.56	110.9	111.5	72728
09/07/2021 16:30:00	111.9	112.98	111.9	112.93	21929
12/07/2021 16:30:00	113.04	113.48	112.72	113.39	19241
13/07/2021 16:30:00	113.64	113.7	113.1	113.62	18098
14/07/2021 16:30:00	112.98	113.74	112.8	113.32	56450
15/07/2021 16:30:00	113.3	113.44	112.68	113	58261
16/07/2021 16:30:00	112.92	113.04	112.2	112.35	38985
19/07/2021 16:30:00	111.5	111.62	109.72	110.26	68567
20/07/2021 16:30:00	110.66	111.4	110.08	111.28	33841
21/07/2021 16:30:00	111.52	112.28	111.48	112.26	19883
22/07/2021 16:30:00	112.82	113	112.56	112.61	8141
23/07/2021 16:30:00	113.02	113.44	113	113.41	12130
26/07/2021 16:30:00	112.88	113.38	112.5	113.38	18057
27/07/2021 16:30:00	112.82	113.28	112.2	112.2	17734
28/07/2021 16:30:00	112.58	113.12	112.5	113.12	35725
29/07/2021 16:30:00	113.5	114.02	113.32	113.96	19217
30/07/2021 16:30:00	112.8	113.58	112.68	113.06	74455
02/08/2021 16:30:00	113.86	114	113.52	113.78	48689
03/08/2021 16:30:00	113.6	113.78	112.94	113.29	73791
04/08/2021 16:30:00	114.1	114.24	113.7	113.74	47190
05/08/2021 16:30:00	113.94	114.28	113.7	114.28	14213
06/08/2021 16:30:00	114.2	114.28	113.92	114	24333
09/08/2021 16:30:00	113.9	114.14	113.84	114.1	30531
10/08/2021 16:30:00	114.1	114.42	114.02	114.17	25541
11/08/2021 16:30:00	114.22	114.74	114.04	114.44	19163
12/08/2021 16:30:00	114.44	114.62	114.18	114.41	23511
13/08/2021 16:30:00	114.5	114.9	114.48	114.88	23730
16/08/2021 16:30:00	114.34	114.52	113.92	114.24	33518
17/08/2021 16:30:00	114	114.12	113.68	113.8	27943
18/08/2021 16:30:00	113.98	114.06	113.64	113.74	24820
19/08/2021 16:30:00	111.88	112.52	111.28	112.21	60121
20/08/2021 16:30:00	111.98	112.9	111.54	112.73	39314
23/08/2021 16:30:00	113.62	114.16	113.2	114.11	50623
24/08/2021 16:30:00	114.74	114.86	114.34	114.72	19077
25/08/2021 16:30:00	114.68	114.9	114.54	114.9	44054
26/08/2021 16:30:00	114.54	114.94	114.16	114.46	28182
27/08/2021 16:30:00	114.48	115.16	114.38	115.16	38571
31/08/2021 16:30:00	116.12	116.44	115.54	115.78	31090
01/09/2021 16:30:00	116.32	116.5	116.1	116.3	18756
02/09/2021 16:30:00	116.2	116.75	116.16	116.66	29630
03/09/2021 16:30:00	116.78	116.9	116.32	116.77	73895
06/09/2021 16:30:00	116.92	117.38	116.92	117.25	27939
07/09/2021 16:30:00	117.08	117.14	116.42	116.56	51673
08/09/2021 16:30:00	116.3	116.42	115.56	115.78	40443
09/09/2021 16:30:00	115.4	116.28	115.18	116	21601
10/09/2021 16:30:00	116.44	116.44	115.5	115.62	29312
13/09/2021 16:30:00	115.36	115.8	115.18	115.38	1911
14/09/2021 16:30:00	115.3	115.8	114.92	115.16	23778
15/09/2021 16:30:00	114.96	115.08	114.56	114.76	21802
16/09/2021 16:30:00	115.06	115.28	114.46	114.63	33278
17/09/2021 16:30:00	115.3	115.42	113.96	114.12	22491
20/09/2021 16:30:00	112.64	112.92	111.5	111.98	74149
21/09/2021 16:30:00	112.66	113.24	112.1	112.62	44482
22/09/2021 16:30:00	112.96	113.48	112.7	113.46	83734
23/09/2021 16:30:00	113.92	114.64	113.6	114.5	20131
24/09/2021 16:30:00	114.22	114.64	113.6	113.9	27080
27/09/2021 16:30:00	114.74	114.88	113.7	114.08	34724
28/09/2021 16:30:00	113.58	113.77	111.68	111.9	38724
29/09/2021 16:30:00	112.1	112.78	111.64	111.96	42110
30/09/2021 16:30:00	112.84	112.84	111.52	111.62	66818
01/10/2021 16:30:00	109.92	111.42	109.72	110.82	82764
04/10/2021 16:30:00	110.88	111.5	109.92	109.92	31416
05/10/2021 16:30:00	110.32	111.7	110.2	111.68	20917
06/10/2021 16:30:00	110.68	110.98	109.36	110.1	47438
07/10/2021 16:30:00	112.08	112.98	111.7	112.84	20343
08/10/2021 16:30:00	112.42	113	112.2	112.46	18206
11/10/2021 16:30:00	112.24	112.9	111.96	112.8	38256
12/10/2021 16:30:00	110.96	112.02	110.96	111.74	38658
13/10/2021 16:30:00	111.48	112.18	111.2	111.83	27771
14/10/2021 16:30:00	113	113.74	112.54	113.58	12060
15/10/2021 16:30:00	114.32	114.82	114.08	114.66	22519
18/10/2021 16:30:00	114.26	114.78	113.98	114.7	16005
19/10/2021 16:30:00	115.22	115.72	115.08	115.6	14359
20/10/2021 16:30:00	115.48	116.18	115.46	116.06	18889
21/10/2021 16:30:00	115.48	116	115.06	115.6	65332
22/10/2021 16:30:00	116.08	116.44	115.86	115.86	11831
25/10/2021 16:30:00	116.24	116.54	115.8	116.36	22201
26/10/2021 16:30:00	116.7	117.18	116.52	116.82	42556
27/10/2021 16:30:00	116.56	116.78	116.16	116.27	15682
28/10/2021 16:30:00	115.86	118	115.86	116.66	15170
29/10/2021 16:30:00	116.12	116.4	115.92	116.34	32865
01/11/2021 16:30:00	116.74	117.18	116	117.06	41565
02/11/2021 16:30:00	116.96	117.36	116.82	117.19	27742
03/11/2021 16:30:00	117.1	117.26	116.94	117.14	20236
04/11/2021 16:30:00	118	118.28	117.78	117.94	29647
05/11/2021 16:30:00	118.02	118.84	118	118.6	27099
08/11/2021 16:30:00	118.3	118.84	118.22	118.7	57845
09/11/2021 16:30:00	118.48	118.82	118.12	118.2	52847
10/11/2021 16:30:00	118.3	118.72	117.8	118.12	48966
11/11/2021 16:30:00	117.56	117.9	117.44	117.82	25194
12/11/2021 16:30:00	117.78	118.4	117.66	118.38	60818
15/11/2021 16:30:00	118.48	119	118.48	118.74	13081
16/11/2021 16:30:00	118.58	118.8	118.28	118.8	31410
17/11/2021 16:30:00	118.6	118.72	118.22	118.3	24653
18/11/2021 16:30:00	118.4	118.9	117.64	118.14	28505
19/11/2021 16:30:00	118.7	118.9	117.68	118.24	22216
22/11/2021 16:30:00	118.22	118.52	117.96	118.12	33905
23/11/2021 16:30:00	117.08	117.52	116.44	116.82	36165
24/11/2021 16:30:00	117.12	117.2	116.28	117.02	22200
25/11/2021 16:30:00	117.6	117.66	117.3	117.48	11761
26/11/2021 16:30:00	115.16	115.56	114.2	114.3	59419
29/11/2021 16:30:00	115.44	115.7	114.84	115.14	76038
30/11/2021 16:30:00	114.46	115.39	113.7	113.86	89556
01/12/2021 16:30:00	114.88	115.88	114.6	115.78	101024
02/12/2021 16:30:00	113.8	114.29	112.96	113.9	75875
03/12/2021 16:30:00	114.48	114.88	112.72	113.24	76805
06/12/2021 16:30:00	113.8	114.42	113.2	114.3	49673
07/12/2021 16:30:00	115.44	116.9	115.04	116.86	45515
08/12/2021 16:30:00	117.08	117.3	116.68	116.92	14794
09/12/2021 16:30:00	117.2	117.22	116.5	116.74	20384
10/12/2021 16:30:00	116.5	117.28	116.2	116.5	12791
13/12/2021 16:30:00	116.98	117.46	115.78	115.96	22480
14/12/2021 16:30:00	116.04	116.2	114.62	114.74	24457
15/12/2021 16:30:00	115.2	115.56	114.52	114.52	35890
16/12/2021 16:30:00	117.1	117.6	116.58	116.6	84526
17/12/2021 16:30:00	115.92	116.06	114.5	115.44	58404
20/12/2021 16:30:00	113.26	113.76	112.7	113.06	67655
21/12/2021 16:30:00	114.48	114.84	114.04	114.74	21963
22/12/2021 16:30:00	115.32	116.4	115.08	116.4	20949
23/12/2021 16:30:00	116.74	117.48	116.56	117.46	18258
24/12/2021 12:30:00	117.26	117.76	117.14	117.54	7064
29/12/2021 16:30:00	118.62	118.64	118.14	118.38	57935
30/12/2021 16:30:00	118.44	118.94	118.4	118.84	21759
31/12/2021 12:30:00	118.4	118.74	118.08	118.28	10446
04/01/2022 16:30:00	119.22	119.56	118.66	118.82	52916
05/01/2022 16:30:00	118.74	119.04	118.66	118.82	41730
06/01/2022 16:30:00	116.6	117.26	116.2	116.86	63710
07/01/2022 16:30:00	116.94	117.14	116.1	116.56	44290
10/01/2022 16:30:00	116.94	117	114.5	115.08	41192
11/01/2022 16:30:00	116.58	117	115.96	116.92	19910
12/01/2022 16:30:00	117.84	118.62	117.5	118.24	23887
13/01/2022 16:30:00	118.12	118.72	117.8	118.22	26844
14/01/2022 16:30:00	116.94	117.24	116	116.32	27834
17/01/2022 16:30:00	116.84	117.2	116.6	117.02	16332
18/01/2022 16:30:00	116.26	116.34	115.04	115.04	38781
19/01/2022 16:30:00	114.22	115.76	114.12	114.84	36249
20/01/2022 16:30:00	114.9	115.92	114.48	115.78	48223
21/01/2022 16:30:00	113.38	113.6	111.92	113.3	138052
24/01/2022 16:30:00	111.94	112.34	108.2	108.58	116329
25/01/2022 16:30:00	110.06	110.86	108.5	109.38	70859
26/01/2022 16:30:00	110.26	111.95	110.26	111.4	41465
27/01/2022 16:30:00	108.54	111.22	108.52	110.68	90097
28/01/2022 16:30:00	109.54	110.16	107.6	109.58	68148
31/01/2022 16:30:00	111.18	112	110.44	111.96	34933
01/02/2022 16:30:00	112.96	113.42	112.5	113.36	100556
02/02/2022 16:30:00	114.38	114.98	113.94	113.98	67041
03/02/2022 16:30:00	113.84	113.94	113.02	113.32	32002
04/02/2022 16:30:00	113.88	113.88	111.72	112.48	41843
07/02/2022 16:30:00	113	113.36	112.4	112.98	100176
08/02/2022 16:30:00	112.62	113.24	112.3	113.22	19522
09/02/2022 16:30:00	113.9	115.12	113.82	115.06	40085
10/02/2022 16:30:00	115.2	115.5	113.68	114.9	22143
11/02/2022 16:30:00	113.1	114.04	112.9	113.44	25599
14/02/2022 16:30:00	111.74	112.12	110.2	111.48	56535
15/02/2022 16:30:00	111.04	112.92	110.96	112.9	21009
16/02/2022 16:30:00	113.1	113.62	112.34	112.66	18206
17/02/2022 16:30:00	113.14	113.24	111.7	112.18	50212
18/02/2022 16:30:00	112	112	110.26	110.52	36632
21/02/2022 16:30:00	111.32	111.6	109.2	109.42	37642
22/02/2022 16:30:00	108.06	110.4	108	109.64	50750
23/02/2022 16:30:00	109.8	110.32	108.5	108.68	29059
24/02/2022 16:30:00	105.06	105.92	103.98	105.6	183937
25/02/2022 16:30:00	107.28	109.86	106.78	109.7	39991
28/02/2022 16:30:00	108.4	110.02	107.84	110.02	45032
01/03/2022 16:30:00	110.04	110.4	108.12	108.12	60367
02/03/2022 16:30:00	107.66	109.26	107.4	109.26	42233
03/03/2022 16:30:00	109.46	109.82	107.88	108.28	20101
04/03/2022 16:30:00	108	108.18	105.78	105.82	77002
07/03/2022 16:30:00	106	108.1	103.98	104.66	60004
08/03/2022 16:30:00	102.64	104.32	102.5	102.72	72970
09/03/2022 16:30:00	104.02	106.44	103.82	106.14	37571
10/03/2022 16:30:00	106.26	106.72	104.5	104.6	45798
11/03/2022 16:30:00	105.38	107.24	104.88	104.88	32477
14/03/2022 16:30:00	104.64	105.22	103.98	104.12	36588
15/03/2022 16:30:00	102.92	104.7	102.3	104.64	73795
16/03/2022 16:30:00	106.2	107.88	106.14	107.58	24738
17/03/2022 16:30:00	108.56	108.96	107.66	108.9	36404
18/03/2022 16:30:00	109.26	110.64	108.5	110.16	28770
21/03/2022 16:30:00	110.02	110.98	109.98	110.2	36676
22/03/2022 16:30:00	110.5	111.7	110.4	111.4	34513
23/03/2022 16:30:00	111.7	111.8	110.5	111.06	43902
24/03/2022 16:30:00	110.9	111.34	110.5	110.94	13529
25/03/2022 16:30:00	111.54	111.9	110.88	111.24	13446
28/03/2022 16:30:00	111.28	112.04	111.1	111.34	38235
29/03/2022 16:30:00	112.66	114.16	112.36	113.62	40653
30/03/2022 16:30:00	113.96	114	113.42	113.74	36553
31/03/2022 16:30:00	113.66	113.8	112.74	112.9	30204
01/04/2022 16:30:00	112.3	112.9	111.79	112.04	39038
04/04/2022 16:30:00	112.58	113.1	112.16	113.04	57996
05/04/2022 16:30:00	113.26	113.76	112.34	112.62	25246
06/04/2022 16:30:00	111.82	112.1	110.06	110.3	53270
07/04/2022 16:30:00	110.58	111	109.82	109.92	56420
08/04/2022 16:30:00	111	111.36	110.14	111.06	43255
11/04/2022 16:30:00	110.08	110.36	109.24	109.58	131961
12/04/2022 16:30:00	108.66	110.3	108.3	109.88	30026
13/04/2022 16:30:00	109.1	109.5	108.4	109.5	33014
14/04/2022 16:30:00	109.92	110.3	109.14	109.32	31138
19/04/2022 16:30:00	108.72	109.36	107.92	109.22	86857
20/04/2022 16:30:00	109.3	110.26	109.2	109.92	28802
21/04/2022 16:30:00	110.1	110.8	109.84	109.84	16544
22/04/2022 16:30:00	108.42	108.42	106.8	106.82	46615
25/04/2022 16:30:00	104.32	105.02	104.1	104.24	73559
26/04/2022 16:30:00	105.82	105.84	103.7	103.84	40343
27/04/2022 16:30:00	103.8	104.2	102.7	103.74	77222
28/04/2022 16:30:00	104.36	105	103.24	104.04	38945
29/04/2022 16:30:00	105.46	105.98	104.4	104.74	20845
03/05/2022 16:30:00	103.34	104	102.74	103.92	81319
04/05/2022 16:30:00	103.7	104	102.82	102.82	25781
05/05/2022 16:30:00	105.84	105.86	102.2	102.5	27257
06/05/2022 16:30:00	102	102.44	100.46	101.68	77522
09/05/2022 16:30:00	100.54	100.9	98.5	98.71	85237
10/05/2022 16:30:00	99.37	100.5	97.97	98.12	79384
11/05/2022 16:30:00	99.04	99.99	97.7	99.57	23951
12/05/2022 16:30:00	96.82	98.16	96.08	97.35	49402
13/05/2022 16:30:00	98.24	99.71	98.05	99.65	28334
16/05/2022 16:30:00	99.13	99.8	98.7	99.2	20298
17/05/2022 16:30:00	100.22	101.48	100.02	101.04	13873
18/05/2022 16:30:00	101.24	101.54	99.2	99.31	17094
19/05/2022 16:30:00	97.9	98.38	96.8	98.11	25525
20/05/2022 16:30:00	98.85	99.64	97.6	97.97	24324
23/05/2022 16:30:00	99.76	100.14	98.89	100.14	25758
24/05/2022 16:30:00	98.86	99.35	97.91	98.2	26041
25/05/2022 16:30:00	100	100	98.6	99.44	19678
26/05/2022 16:30:00	99.7	101.52	99.65	101.26	19503
27/05/2022 16:30:00	101.7	103.2	101.6	103.02	14061
30/05/2022 16:30:00	104.6	104.98	104.18	104.5	17070
31/05/2022 16:30:00	103.82	104.24	102.84	103.08	23285
01/06/2022 16:30:00	103.74	104.1	102.16	102.22	36529
06/06/2022 16:30:00	103.32	104.3	103.32	103.46	36518
07/06/2022 16:30:00	102.88	103.42	102.1	103.08	55549
08/06/2022 16:30:00	103.72	103.76	103.12	103.74	11051
09/06/2022 16:30:00	102.86	103.58	101.9	102.1	29852
10/06/2022 16:30:00	101	101.12	97.94	97.94	64835
13/06/2022 16:30:00	96.22	96.65	94.3	94.91	68706
14/06/2022 16:30:00	95.57	95.68	94	94.3	42230
15/06/2022 16:30:00	94.6	95.68	94.28	94.85	29714
16/06/2022 16:30:00	94.49	94.73	92.3	92.76	69591
17/06/2022 16:30:00	92.99	93.88	91.97	92.72	61048
20/06/2022 16:30:00	93.1	93.79	92.89	93.68	54634
21/06/2022 16:30:00	94.06	95.43	94.06	94.96	466810
22/06/2022 16:30:00	93.42	94.97	92.8	94.84	21396
23/06/2022 16:30:00	94.11	95.07	93.55	94.45	502001
24/06/2022 16:30:00	95.36	97.22	95.24	96.88	64991
27/06/2022 16:30:00	97.43	98.51	97.09	97.72	104552
28/06/2022 16:30:00	98	98.61	96.85	97.03	394502
29/06/2022 16:30:00	95.64	96.6	95.3	95.72	770911
30/06/2022 16:30:00	94.5	94.9	93.65	94.64	26770
01/07/2022 16:30:00	93.95	95.58	93.65	94.65	35365
04/07/2022 16:30:00	95.12	95.69	94.88	95.21	248234
05/07/2022 16:30:00	95.82	96.04	93.14	93.32	25881
06/07/2022 16:30:00	94.84	95.36	94.44	94.44	341864
07/07/2022 16:30:00	95.56	96.51	95.28	96.33	622242
08/07/2022 16:30:00	96.32	97.07	95.66	97.01	969659
11/07/2022 16:30:00	95.5	96.32	95.03	95.38	508780
12/07/2022 16:30:00	94.63	95.57	94.29	95.43	65358
13/07/2022 16:30:00	94.81	95.4	93	94.21	98949
14/07/2022 16:30:00	93.79	94	92.08	92.8	35687
15/07/2022 16:30:00	93.5	95.19	93.04	94.98	47998
18/07/2022 16:30:00	95.74	96.51	95.74	96.16	152605
19/07/2022 16:30:00	95.15	97.46	95.01	96.93	47745
20/07/2022 16:30:00	97.7	98	96.8	97.81	12421
21/07/2022 16:30:00	97.67	98.21	97.14	98.01	41225
22/07/2022 16:30:00	98.28	98.99	98	98.07	30722
25/07/2022 16:30:00	97.7	98.4	97.41	98.08	10797
26/07/2022 16:30:00	97.88	98.39	97.04	97.04	14932
27/07/2022 16:30:00	97.62	98.14	97.6	98.07	7595
28/07/2022 16:30:00	99.16	99.62	98.5	99.59	15130
29/07/2022 16:30:00	100.68	101.06	100.1	100.66	1035548
01/08/2022 16:30:00	101.3	101.82	100.66	101.5	24686
02/08/2022 16:30:00	100.98	101.08	100.2	100.9	252906
03/08/2022 16:30:00	100.48	101.26	100.24	101.16	51561
04/08/2022 16:30:00	101.44	102.14	101.26	101.64	12161
05/08/2022 16:30:00	102	102.18	100.6	100.94	435056
08/08/2022 16:30:00	101.74	102.56	101.68	102.18	27330
09/08/2022 16:30:00	101.74	101.98	100.98	101.18	19019
10/08/2022 16:30:00	100.92	103.34	100.8	103.2	40854
11/08/2022 16:30:00	103.72	104.4	103.4	103.82	41708
12/08/2022 16:30:00	103.8	104.02	103.4	103.88	259407
15/08/2022 16:30:00	104.28	104.48	103.74	104.28	17793
16/08/2022 16:30:00	104.44	104.7	104.16	104.7	15132
17/08/2022 16:30:00	104.82	104.82	103.66	103.76	27077
18/08/2022 16:30:00	103.92	104.44	103.62	104.1	25294
19/08/2022 16:30:00	103.4	103.68	102.48	102.58	25154
22/08/2022 16:30:00	102.18	102.46	100.86	101.06	202811
23/08/2022 16:30:00	100.34	101.4	100.24	100.79	21542
24/08/2022 16:30:00	100.36	101.24	100.08	101.14	41105
25/08/2022 16:30:00	102.34	102.34	101.2	101.6	11499
26/08/2022 16:30:00	102.12	102.82	100.24	100.5	15623
30/08/2022 16:30:00	99.18	99.98	97.5	98.13	83027
31/08/2022 16:30:00	98.56	98.87	97.57	97.77	29247
01/09/2022 16:30:00	96.59	96.8	95.54	95.94	37230
02/09/2022 16:30:00	96.92	98.08	96.65	97.96	34640
05/09/2022 16:30:00	96.33	96.67	95.8	96.36	21416
06/09/2022 16:30:00	96.6	97.12	95.15	96.15	324080
07/09/2022 16:30:00	95.42	96.28	95.07	96	98735
08/09/2022 16:30:00	97.11	97.56	95.99	97.38	224896
09/09/2022 16:30:00	98.06	99.12	98.06	98.85	10466
12/09/2022 16:30:00	99.65	100.62	99.54	100.46	16658
13/09/2022 16:30:00	100.64	101.4	97.45	97.55	32049
14/09/2022 16:30:00	96.72	97.22	96.17	96.84	28995
15/09/2022 16:30:00	96.76	97.13	95.86	96.2	23149
16/09/2022 16:30:00	95.14	95.26	94.3	94.68	44279
20/09/2022 16:30:00	95.73	96.25	94.19	94.58	35377
21/09/2022 16:30:00	93.97	94.99	93.8	94.6	511434
22/09/2022 16:30:00	92.23	93.78	91.96	92.2	183904
23/09/2022 16:30:00	91.97	92.15	90.08	90.28	272170
26/09/2022 16:30:00	89.44	90.64	89.2	89.55	186077
27/09/2022 16:30:00	89.92	90.63	89.19	89.37	522762
28/09/2022 16:30:00	88.18	89.9	87.6	89.73	61886
29/09/2022 16:30:00	89.78	89.99	88.18	88.9	39847
30/09/2022 16:30:00	89.22	89.93	88.43	89.55	41184
03/10/2022 16:30:00	88.12	89.94	87.79	89.78	79640
04/10/2022 16:30:00	91.18	93.07	91.02	92.95	36976
05/10/2022 16:30:00	92.78	93.06	91.27	91.64	750878
06/10/2022 16:30:00	92.57	92.93	91.6	92.12	173024
07/10/2022 16:30:00	91.15	91.75	89.75	89.95	58945
10/10/2022 16:30:00	89	89.79	88.48	88.71	49627
11/10/2022 16:30:00	87.94	88.57	87.4	88.41	93700
12/10/2022 16:30:00	88.38	88.55	87.41	87.87	64568
13/10/2022 16:30:00	87.76	89	85.47	88.45	103245
14/10/2022 16:30:00	90.01	90.57	88.2	88.66	276917
17/10/2022 16:30:00	88.43	90.22	88.2	89.96	29275
18/10/2022 16:30:00	91.16	91.73	90.01	90.21	549036
19/10/2022 16:30:00	90.77	90.98	89.7	89.95	583732
20/10/2022 16:30:00	89.66	90.97	89.4	90.59	22951
21/10/2022 16:30:00	89.15	90.09	88.33	90.09	26451
24/10/2022 16:30:00	90.99	91.51	90.09	91.1	468049
25/10/2022 16:30:00	91.74	92.96	91.12	92.96	21509
26/10/2022 16:30:00	92.63	94.13	92.5	94.13	43419
27/10/2022 16:30:00	93.24	93.71	92.65	93.2	33935
28/10/2022 16:30:00	91.75	93.38	91.5	93.21	18047
31/10/2022 16:30:00	93.7	94.09	93.16	93.39	48307
01/11/2022 16:30:00	94.22	94.98	93.3	93.49	42618
02/11/2022 16:30:00	93.89	94.16	93.01	93.01	32519
03/11/2022 16:30:00	91.53	91.76	90.22	91.21	30951
04/11/2022 16:30:00	91.4	93.31	91.35	92.26	15777
07/11/2022 16:30:00	92.37	93.6	92.35	93.36	16456
08/11/2022 16:30:00	93.5	94.88	93.27	94.88	77185
09/11/2022 16:30:00	94.25	94.49	93.15	93.53	347891
10/11/2022 16:30:00	92.54	96.83	92.44	96.82	46646
11/11/2022 16:30:00	98	98.68	97.8	98.05	25963
14/11/2022 16:30:00	98.47	98.85	98.1	98.61	24646
15/11/2022 16:30:00	99	100.42	98.72	99.71	246622
16/11/2022 16:30:00	99.3	99.44	98.19	98.38	35622
17/11/2022 16:30:00	98.54	98.8	96.75	97.29	61099
18/11/2022 16:30:00	97.96	98.76	97.7	98.2	13237
21/11/2022 16:30:00	97.57	97.92	97.27	97.39	16880
22/11/2022 16:30:00	97.63	98.55	97.39	98.28	35313
23/11/2022 16:30:00	99	99.65	98.7	99.49	36665
24/11/2022 16:30:00	99.79	100.2	99.65	100.1	14583
25/11/2022 16:30:00	100.1	100.14	99.49	99.77	7548
28/11/2022 16:30:00	99.14	99.58	98.82	98.97	33969
29/11/2022 16:30:00	99.15	99.3	98.15	98.4	43438
30/11/2022 16:30:00	98.95	99.4	98.5	98.9	45034
01/12/2022 16:30:00	101.38	102.02	100.9	101.42	54486
02/12/2022 16:30:00	101.26	101.56	99.57	101.02	50692
05/12/2022 16:30:00	103	103	100.22	100.22	26960
06/12/2022 16:30:00	99.83	100.2	98.8	99.13	19543
07/12/2022 16:30:00	98.51	98.96	97.89	98.23	376282
08/12/2022 16:30:00	98.72	99.46	98.48	99.13	6491
09/12/2022 16:30:00	99.64	99.99	98.8	99.56	16153
12/12/2022 16:30:00	98.67	99.03	98.45	98.8	288861
13/12/2022 16:30:00	99.71	102.8	99.5	101.46	89320
14/12/2022 16:30:00	100.68	101.2	100.4	101.18	26554
15/12/2022 16:30:00	99.59	99.81	97.7	97.79	31115
16/12/2022 16:30:00	97.64	97.89	96.41	96.71	614391
19/12/2022 16:30:00	97.08	97.5	96.4	96.4	128524
20/12/2022 16:30:00	95.75	96.87	95.58	96.25	18154
21/12/2022 16:30:00	96.8	97.94	96.59	97.7	29733
22/12/2022 16:30:00	97.99	98.2	96.16	96.25	19193
23/12/2022 12:30:00	96.6	96.99	96.5	96.77	8376
28/12/2022 16:30:00	97.11	97.53	96.2	96.24	74135
29/12/2022 16:30:00	96	97.4	95.85	97.36	37012
30/12/2022 12:30:00	96.95	97.31	96.79	96.86	16041
03/01/2023 16:30:00	97.54	98.38	96.69	96.69	25717
04/01/2023 16:30:00	97.45	98.5	97.01	98.09	37732
05/01/2023 16:30:00	97.64	98.29	96.84	96.93	29049
06/01/2023 16:30:00	97.07	98.65	96.75	98.6	21921
09/01/2023 16:30:00	99.35	100.7	99.3	100.56	22733
10/01/2023 16:30:00	99.34	99.81	98.97	99.44	22826
11/01/2023 16:30:00	99.95	100.64	99.63	100.48	33718
12/01/2023 16:30:00	101	102	100.44	101.28	28294
13/01/2023 16:30:00	101.8	102.02	100.9	101.6	37449
16/01/2023 16:30:00	102.12	102.3	101.68	102.1	35104
17/01/2023 16:30:00	101.94	102.64	101.8	102.18	21845
18/01/2023 16:30:00	102.3	102.96	101.84	101.84	35180
19/01/2023 16:30:00	101.06	101.32	100.3	100.36	54716
20/01/2023 16:30:00	101.06	101.5	100.6	101.48	17073
23/01/2023 16:30:00	102.3	103.4	102.04	103.22	49251
24/01/2023 16:30:00	103.24	103.38	102.42	103.04	49591
25/01/2023 16:30:00	103.3	103.3	101.8	102.38	61798
26/01/2023 16:30:00	103.52	104	103.12	103.32	80643
27/01/2023 16:30:00	103.8	104.32	103.62	103.97	17960
30/01/2023 16:30:00	103.46	103.94	103.14	103.56	66686
31/01/2023 16:30:00	102.96	103.34	102.14	103.3	33036
01/02/2023 16:30:00	103.78	104.12	103.54	103.82	29537
02/02/2023 16:30:00	105.16	106.08	105.02	105.98	54824
03/02/2023 16:30:00	105.66	105.9	104.56	105.62	38748
06/02/2023 16:30:00	104.2	104.26	103.4	103.98	208423
07/02/2023 16:30:00	104	104.16	103.36	103.84	75130
08/02/2023 16:30:00	105.04	105.44	103.96	103.96	30165
09/02/2023 16:30:00	104.74	105.36	104.44	104.44	77526
10/02/2023 16:30:00	103.62	103.78	102.8	103.24	42248
13/02/2023 16:30:00	103.44	104.42	103.26	104.28	16629
14/02/2023 16:30:00	104.62	105.5	103.82	103.94	64868
15/02/2023 16:30:00	103.84	104.26	103.68	104.12	55222
16/02/2023 16:30:00	104.98	105.1	103.44	104.16	87939
17/02/2023 16:30:00	103.02	103.28	102.6	102.82	39989
20/02/2023 16:30:00	103.58	103.58	103.16	103.26	13106
21/02/2023 16:30:00	102.9	103.38	102.04	102.04	51937
22/02/2023 16:30:00	101.72	102	101.22	101.64	33225
23/02/2023 16:30:00	101.88	102.2	101.22	101.3	54209
24/02/2023 16:30:00	101.62	101.94	99.97	100.36	59542
27/02/2023 16:30:00	100.8	101.7	100.72	101.06	37322
28/02/2023 16:30:00	100.68	101.32	100.56	100.96	32561
01/03/2023 16:30:00	101.28	101.52	100.5	100.72	25457
02/03/2023 16:30:00	100.14	100.68	99.95	100.5	49275
03/03/2023 16:30:00	101.24	102.14	101	102.1	13502
06/03/2023 16:30:00	102.92	103.32	102.5	103.2	26981
07/03/2023 16:30:00	102.94	103.2	101.54	101.54	23498
08/03/2023 16:30:00	101.06	101.62	100.9	101.24	26399
09/03/2023 16:30:00	101.28	101.78	100.9	101.34	17937
10/03/2023 16:30:00	99.06	101.14	98.94	100.04	68704
13/03/2023 16:30:00	99.94	99.99	97.3	98.57	73050
14/03/2023 16:30:00	98.28	99.87	98.15	99.65	24435
15/03/2023 16:30:00	99.54	99.65	96.97	97.2	137937
16/03/2023 16:30:00	98.58	99.21	97.5	99.12	37518
17/03/2023 16:30:00	100.1	100.34	98.3	98.88	31700
20/03/2023 16:30:00	98.17	99.88	97.5	99.35	53347
21/03/2023 16:30:00	99.99	100.86	99.59	100.5	25925
22/03/2023 16:30:00	100.82	101.28	100.7	100.92	48152
23/03/2023 16:30:00	100.86	101.6	100.3	101.31	15591
24/03/2023 16:30:00	100.62	100.64	99.01	99.78	45681
27/03/2023 16:30:00	100.92	101.24	100.18	100.52	22483
28/03/2023 16:30:00	101.08	101.58	100.54	100.84	25854
29/03/2023 16:30:00	101.4	101.94	101.4	101.82	27513
30/03/2023 16:30:00	102.24	103.08	102.24	102.82	23178
31/03/2023 16:30:00	103.02	103.72	102.8	103.54	35174
03/04/2023 16:30:00	103.68	104.48	103.6	103.94	28304
04/04/2023 16:30:00	104.46	104.8	103.96	104.06	22700
05/04/2023 16:30:00	104.08	104.42	103.24	103.5	21771
06/04/2023 16:30:00	103.46	103.92	103.2	103.6	49525
11/04/2023 16:30:00	104.14	104.4	104	104.22	33278
12/04/2023 16:30:00	104.28	105.36	104.06	104.28	55953
13/04/2023 16:30:00	104.38	104.98	104.3	104.98	74706
14/04/2023 16:30:00	105.36	105.76	104.82	104.9	228913
17/04/2023 16:30:00	105.46	105.62	104.88	104.88	81656
18/04/2023 16:30:00	105.46	105.96	105.3	105.38	27744
19/04/2023 16:30:00	105.2	105.34	104.72	105.1	39707
20/04/2023 16:30:00	105.2	105.28	104.6	104.94	37795
21/04/2023 16:30:00	104.66	104.94	104.44	104.8	52056
24/04/2023 16:30:00	104.54	105.16	104.44	104.84	11142
25/04/2023 16:30:00	104.74	104.84	104.08	104.12	28833
26/04/2023 16:30:00	104.08	104.24	103.42	103.9	24991
27/04/2023 16:30:00	103.98	104.24	103.63	104.22	47066
28/04/2023 16:30:00	104.74	105.28	104.08	105.2	58379
02/05/2023 16:30:00	105.3	105.74	103.64	103.68	58395
03/05/2023 16:30:00	104.5	104.98	104.36	104.44	25150
04/05/2023 16:30:00	104.24	104.62	103.3	103.46	103448
05/05/2023 16:30:00	104.12	104.94	103.84	104.9	98445
09/05/2023 16:30:00	105.18	105.44	104.7	105	23556
10/05/2023 16:30:00	105.02	105.68	104.5	105.02	51542
11/05/2023 16:30:00	105.1	105.48	104.3	104.7	35070
12/05/2023 16:30:00	105.02	105.36	104.48	104.52	41432
15/05/2023 16:30:00	105.1	105.38	104.6	104.99	25145
16/05/2023 16:30:00	104.92	105.22	104.56	104.79	43977
17/05/2023 16:30:00	104.5	104.8	104.24	104.72	58521
18/05/2023 16:30:00	105.06	105.66	105.02	105.5	27666
19/05/2023 16:30:00	105.92	106.32	105.82	105.82	67225
22/05/2023 16:30:00	105.94	106.3	105.82	106.2	29687
23/05/2023 16:30:00	105.94	105.98	105.44	105.56	69949
24/05/2023 16:30:00	105	105	103.7	103.88	31231
25/05/2023 16:30:00	104.26	104.46	103.88	103.9	68114
26/05/2023 16:30:00	104.42	105.52	104.18	105.32	64351
30/05/2023 16:30:00	105.54	106	105.04	105.14	57785
31/05/2023 16:30:00	104.56	104.8	103.9	103.96	52537
01/06/2023 16:30:00	104.62	105.5	104.38	105.38	78305
02/06/2023 16:30:00	106.14	107.22	106.1	107.16	61495
05/06/2023 16:30:00	107.14	107.4	107	107.24	40536
06/06/2023 16:30:00	107.04	107.4	106.82	107.32	57389
07/06/2023 16:30:00	107.22	108.22	107.02	107.32	44075
08/06/2023 16:30:00	106.84	107.42	106.5	107.43	45279
09/06/2023 16:30:00	107.6	108.2	107.4	107.7	60006
12/06/2023 16:30:00	108.1	108.3	107.86	107.98	145545
13/06/2023 16:30:00	108.9	109.78	108.72	109.36	59598
14/06/2023 16:30:00	109.3	110.02	109.2	109.88	246856
15/06/2023 16:30:00	109.48	110.42	109.16	110.38	29434
16/06/2023 16:30:00	110.8	111.38	110.52	110.74	58899
19/06/2023 16:30:00	110.4	110.54	110.04	110.11	50470
20/06/2023 16:30:00	109.92	110.1	109.12	109.28	123353
21/06/2023 16:30:00	109.3	109.78	108.98	109.16	29683
22/06/2023 16:30:00	108.8	109.12	108.64	108.9	20753
23/06/2023 16:30:00	108.98	109.08	107.9	108	40994
26/06/2023 16:30:00	108.24	108.6	107.74	108.1	31279
27/06/2023 16:30:00	108.32	108.58	107.98	108.48	27944
28/06/2023 16:30:00	108.84	109.08	108.54	108.96	36406
29/06/2023 16:30:00	108.86	109.38	108.62	108.96	21211
30/06/2023 16:30:00	109.22	110.4	109.1	110.2	36228
03/07/2023 16:30:00	110.5	110.78	110.32	110.52	28439
04/07/2023 16:30:00	110.68	111	110.54	110.6	23635
05/07/2023 16:30:00	110.18	110.44	109.86	110.16	66286
06/07/2023 16:30:00	109.66	109.96	108.1	108.24	53860
07/07/2023 16:30:00	108.96	109.16	108.34	109.12	44904
10/07/2023 16:30:00	108.4	109.2	108.28	109	34566
11/07/2023 16:30:00	109.56	109.64	109.2	109.56	24219
12/07/2023 16:30:00	110.16	111.6	110.14	111.5	32339
13/07/2023 16:30:00	111.8	112.4	111.7	112.28	33741
14/07/2023 16:30:00	112.42	112.8	112.36	112.66	40005
17/07/2023 16:30:00	112.22	112.46	112.02	112.46	81348
18/07/2023 16:30:00	112.52	113.06	112.36	112.9	23297
19/07/2023 16:30:00	113.34	113.68	113.16	113.5	39918
20/07/2023 16:30:00	113.1	114	112.7	112.86	20320
21/07/2023 16:30:00	112.84	113.14	112.56	112.9	34737
24/07/2023 16:30:00	112.6	113.16	112.5	113.06	38703
25/07/2023 16:30:00	113.32	119.84	113.06	113.38	19441
26/07/2023 16:30:00	113.5	113.58	113	113.28	37711
27/07/2023 16:30:00	113.98	114.9	113.8	114.02	42596
28/07/2023 16:30:00	113.32	114.26	113.22	114.23	44239
31/07/2023 16:30:00	114.12	114.48	113.8	114.22	45059
01/08/2023 16:30:00	114.12	114.3	113.38	113.42	46234
02/08/2023 16:30:00	112.64	112.86	111.62	111.86	69788
03/08/2023 16:30:00	111.5	111.64	110.94	111.44	54901
04/08/2023 16:30:00	111.84	112.24	111.18	112.22	66098
07/08/2023 16:30:00	111.54	111.92	111.3	111.6	35184
08/08/2023 16:30:00	111.66	111.66	110.52	110.74	26730
09/08/2023 16:30:00	111.68	112.08	110.8	111	72770
10/08/2023 16:30:00	111.4	112.5	111.32	111.88	39508
11/08/2023 16:30:00	111.1	111.26	110.3	110.46	45719
14/08/2023 16:30:00	110.42	110.96	109.94	110.62	49988
15/08/2023 16:30:00	110.86	110.94	109.62	109.94	46585
16/08/2023 16:30:00	109.56	109.9	109.22	109.54	22213
17/08/2023 16:30:00	108.98	109.5	108.58	108.6	46964
18/08/2023 16:30:00	108.02	108.12	107.12	107.72	57163
21/08/2023 16:30:00	107.82	108.54	107.78	107.88	28114
22/08/2023 16:30:00	108.64	109.24	108.38	108.54	41015
23/08/2023 16:30:00	108.74	109.36	108.34	109.32	21410
24/08/2023 16:30:00	110.24	110.4	108.72	108.74	22181
25/08/2023 16:30:00	108.06	109.06	107.62	108.22	31712
29/08/2023 16:30:00	109.76	110.66	109.36	110.66	41544
30/08/2023 16:30:00	111.04	111.64	110.72	111.4	29359
31/08/2023 16:30:00	111.42	111.86	111.28	111.28	63129
01/09/2023 16:30:00	111.28	112.08	111.14	111.36	64591
04/09/2023 16:30:00	111.64	111.9	111.3	111.42	22552
05/09/2023 16:30:00	111.04	111.34	110.64	111	29276
06/09/2023 16:30:00	110.68	110.7	109.94	110.06	31139
07/09/2023 16:30:00	109.78	110.06	109.26	109.76	35861
08/09/2023 16:30:00	109.92	110.28	109.34	110.03	32700
11/09/2023 16:30:00	110.32	110.74	110.28	110.44	25835
12/09/2023 16:30:00	110.62	110.72	110.2	110.38	146846
13/09/2023 16:30:00	110	110.5	109.7	110.34	120998
14/09/2023 16:30:00	110.64	111.22	110.4	111.1	83160
15/09/2023 16:30:00	111.6	111.66	110.5	110.62	34595
18/09/2023 16:30:00	110.44	110.52	109.9	110.32	29166
19/09/2023 16:30:00	110.1	110.5	109.6	109.72	17742
20/09/2023 16:30:00	109.92	110.58	109.84	110.4	48779
21/09/2023 16:30:00	108.82	108.9	107.96	108.04	102731
22/09/2023 16:30:00	107.8	108.24	107.66	108.12	58745
25/09/2023 16:30:00	107.62	107.82	106.76	107.38	45995
26/09/2023 16:30:00	106.82	107.12	106.28	106.38	68668
27/09/2023 16:30:00	106.5	106.7	105.9	106.16	29043
28/09/2023 16:30:00	106.04	106.64	105.68	106.61	35958
29/09/2023 16:30:00	107.04	108.04	106.92	106.92	68387
02/10/2023 16:30:00	106.96	113.32	105.7	106.2	54472
03/10/2023 16:30:00	105.68	110	104.4	104.4	66962
04/10/2023 16:30:00	103.78	104.98	103.64	104.62	48046
05/10/2023 16:30:00	105	105.36	104.5	104.66	97740
06/10/2023 16:30:00	105.5	105.92	104.18	105.92	55492
09/10/2023 16:30:00	105.56	106.12	105.24	106.02	63543
10/10/2023 16:30:00	106.9	108.16	106.86	108.08	49860
11/10/2023 16:30:00	107.78	108.32	107.74	107.92	41856
12/10/2023 16:30:00	108.82	108.9	107.78	107.94	68142
13/10/2023 16:30:00	107.5	107.8	106.7	106.84	115475
16/10/2023 16:30:00	107.06	107.88	106.56	107.76	95597
17/10/2023 16:30:00	107.44	109.9	106.88	107.84	101602
18/10/2023 16:30:00	107.4	107.6	106.54	106.66	23345
19/10/2023 16:30:00	105.92	106.24	105.56	106.06	77944
20/10/2023 16:30:00	104.92	105.22	104.22	104.22	44611
23/10/2023 16:30:00	104.16	104.36	103.18	104.36	39402
24/10/2023 16:30:00	104.48	104.92	104	104.54	38465
25/10/2023 16:30:00	104.24	104.54	103.58	103.98	77808
26/10/2023 16:30:00	102.66	103.24	102.42	102.7	59243
27/10/2023 16:30:00	102.96	103.2	102.26	102.58	28067
30/10/2023 16:30:00	102.72	103.22	102.5	102.76	123576
31/10/2023 16:30:00	102.94	103.58	102.82	103.16	54105
01/11/2023 16:30:00	103.54	104.48	103.18	104.06	84833
02/11/2023 16:30:00	105.16	106.48	105.08	106.32	113493
03/11/2023 16:30:00	106.84	108.14	106.56	108.1	121228
06/11/2023 16:30:00	108.16	108.52	107.8	108.02	140677
07/11/2023 16:30:00	107.44	108.16	107.22	108.08	36659
08/11/2023 16:30:00	107.66	108.2	107.52	107.82	134302
09/11/2023 16:30:00	107.96	115	107.84	108.26	56623
10/11/2023 16:30:00	107.42	107.7	106.98	107.58	32011
13/11/2023 16:30:00	108.14	109.2	107.94	108.56	29587
14/11/2023 16:30:00	108.64	110.94	108.44	110.88	57827
15/11/2023 16:30:00	111.08	111.74	111.06	111.42	32763
16/11/2023 16:30:00	110.98	111.16	110.58	110.57	32717
17/11/2023 16:30:00	111.16	111.6	111	111.2	19885
20/11/2023 16:30:00	111.46	112	111.42	111.98	23607
21/11/2023 16:30:00	112.18	118.68	111.8	111.92	28931
22/11/2023 16:30:00	112	114.08	111.88	112.15	19351
23/11/2023 16:30:00	112.44	112.54	112.3	112.5	12006
24/11/2023 16:30:00	112.32	114.1	112.28	112.46	27258
27/11/2023 16:30:00	112.32	112.48	112.12	112.28	59595
28/11/2023 16:30:00	112.18	112.74	112	112.74	27646
29/11/2023 16:30:00	112.56	113.14	112.5	112.54	16217
30/11/2023 16:30:00	112.74	112.98	112.3	112.48	33465
01/12/2023 16:30:00	112.72	113.26	112.5	113.26	192808
04/12/2023 16:30:00	113.02	115.38	112.4	112.54	160313
05/12/2023 16:30:00	112.26	112.9	112.26	112.63	158367
06/12/2023 16:30:00	113.14	113.4	112.86	112.86	21816
07/12/2023 16:30:00	112.56	113.1	112.38	112.92	35573
08/12/2023 16:30:00	113.02	113.64	112.6	113.22	107470
11/12/2023 16:30:00	113.4	114.14	113.3	113.54	19241
12/12/2023 16:30:00	114	114.46	113.48	113.92	28890
13/12/2023 16:30:00	114.2	116.06	114.2	114.28	64079
14/12/2023 16:30:00	116.14	116.86	116.12	116.6	80422
15/12/2023 16:30:00	116.92	123.58	116.18	116.54	46273
18/12/2023 16:30:00	116.34	116.6	116.26	116.49	50088
19/12/2023 16:30:00	116.64	117.34	116.56	117.24	68749
20/12/2023 16:30:00	117.5	117.72	117.06	117.36	27818
21/12/2023 16:30:00	116.54	117.08	116.4	116.88	56495
22/12/2023 12:30:00	117.2	117.49	116.88	117.16	110401
27/12/2023 16:30:00	117.96	124.18	117.86	118.18	93327
28/12/2023 16:30:00	118.76	118.96	118.4	118.48	35722
29/12/2023 12:30:00	118.56	118.66	118.34	118.44	510078
02/01/2024 16:30:00	118.28	118.44	116.96	117.3	279172
03/01/2024 16:30:00	117.22	117.38	116.04	116.34	141190
04/01/2024 16:30:00	116.54	116.9	116.18	116.8	65391
05/01/2024 16:30:00	115.98	117.02	115.3	116.68	74072
08/01/2024 16:30:00	116.14	116.94	115.68	116.92	55124
09/01/2024 16:30:00	117.3	117.44	116.68	117.02	153632
10/01/2024 16:30:00	117.16	117.5	117.08	117.34	35363
11/01/2024 16:30:00	118.2	118.44	116.8	116.86	52614
12/01/2024 16:30:00	117.62	118.5	117.34	118.04	124395
15/01/2024 16:30:00	118	118.16	117.58	117.75	27669
16/01/2024 16:30:00	117.1	117.38	116.68	117.3	56211
17/01/2024 16:30:00	116.06	116.4	115.44	115.88	69363
18/01/2024 16:30:00	116.08	116.88	116	116.54	51283
19/01/2024 16:30:00	117.1	117.52	116.82	117.16	61004
22/01/2024 16:30:00	118.12	118.58	118.02	118.34	34571
23/01/2024 16:30:00	118.46	118.58	117.96	117.96	27146
24/01/2024 16:30:00	119.04	119.58	118.86	119.38	317913
25/01/2024 16:30:00	118.96	119.4	118.82	119.2	35562
26/01/2024 16:30:00	118.78	119.76	118.78	119.67	61973
29/01/2024 16:30:00	119.58	126.84	119.34	119.43	120001
30/01/2024 16:30:00	120.02	126.58	119.74	120	136538
31/01/2024 16:30:00	119.78	119.9	119.46	119.46	102464
01/02/2024 16:30:00	118.88	119.38	118.76	119.14	53547
02/02/2024 16:30:00	120.42	120.66	119.54	120.14	67545
05/02/2024 16:30:00	120.16	120.38	119.42	119.72	58831
06/02/2024 16:30:00	120.42	120.68	119.92	120.46	82332
07/02/2024 16:30:00	120.6	121.36	120.5	121.08	25754
08/02/2024 16:30:00	121.36	121.46	120.98	120.96	42186
09/02/2024 16:30:00	121.26	121.82	121.22	121.4	63407
12/02/2024 16:30:00	121.88	122.3	121.74	122.32	92188
13/02/2024 16:30:00	122.08	122.12	120.04	120.52	81006
14/02/2024 16:30:00	120.46	121.18	120.4	120.92	42552
15/02/2024 16:30:00	121.62	122	121.44	121.7	550408
16/02/2024 16:30:00	122.46	122.76	121.8	122.48	57213
19/02/2024 16:30:00	122.14	122.3	122.04	122.18	183066
20/02/2024 16:30:00	121.98	122.18	121.56	121.68	36146
21/02/2024 16:30:00	121.76	121.76	121.4	121.54	68024
22/02/2024 16:30:00	123	123.58	122.98	123.48	45452
23/02/2024 16:30:00	123.88	124.3	123.62	124	135973
26/02/2024 16:30:00	123.76	136.24	123.66	123.8	166693
27/02/2024 16:30:00	123.7	123.92	123.56	123.64	51906
28/02/2024 16:30:00	123.52	123.6	123.06	123.38	43939
29/02/2024 16:30:00	123.5	125.74	123.14	123.44	48731
01/03/2024 16:30:00	124.2	124.74	123.72	124.56	90875
04/03/2024 16:30:00	124.98	132.02	124.66	124.78	75300
05/03/2024 16:30:00	124.5	124.6	123.86	124	98734
06/03/2024 16:30:00	124.14	125.04	124.1	124.92	44422
07/03/2024 16:30:00	124.44	125.94	124.24	125.86	27310
08/03/2024 16:30:00	126.1	126.68	125.7	125.98	79226
11/03/2024 16:30:00	125.22	125.3	124.6	125.12	138920
12/03/2024 16:30:00	125.72	126.37	125	126.04	59632
13/03/2024 16:30:00	126.3	126.46	126.14	126.24	39874
14/03/2024 16:30:00	126.5	138.86	125.52	125.71	73555
15/03/2024 16:30:00	125.6	126.08	124.9	124.9	56754
18/03/2024 16:30:00	125.42	126.04	125.36	125.76	30777
19/03/2024 16:30:00	125.4	125.82	124.96	125.78	66100
20/03/2024 16:30:00	125.98	126.18	125.8	126.06	24570
21/03/2024 16:30:00	128.02	128.48	127.6	127.88	49589
22/03/2024 16:30:00	127.42	127.64	127.1	127.14	48654
25/03/2024 16:30:00	127.06	129.72	126.76	127.1	72718
26/03/2024 16:30:00	127.18	127.58	127.14	127.3	30267
27/03/2024 16:30:00	127.14	127.4	126.98	127.14	49712
28/03/2024 16:30:00	127.6	127.88	127.4	127.74	48886
02/04/2024 16:30:00	127.88	127.98	126.3	126.5	114564
03/04/2024 16:30:00	126.5	134.08	126.36	127.22	66426
04/04/2024 16:30:00	127.34	128.04	127.22	127.88	81097
05/04/2024 16:30:00	125.9	126.64	125.62	126.5	50129
08/04/2024 16:30:00	126.62	139.02	126.48	127.18	36941
09/04/2024 16:30:00	127.16	127.62	126.2	126.52	51770
10/04/2024 16:30:00	127.46	127.8	125.26	125.76	48776
11/04/2024 16:30:00	125.96	126.32	125.2	125.52	37270
12/04/2024 16:30:00	126.5	126.58	124.88	125.18	49854
15/04/2024 16:30:00	125.2	125.76	124.64	124.92	48699
16/04/2024 16:30:00	122.8	127.98	122.48	122.82	99958
17/04/2024 16:30:00	122.56	123.38	122.25	122.26	34995
18/04/2024 16:30:00	123	123.06	122.08	122.84	45566
19/04/2024 16:30:00	121.44	122.32	121.32	121.89	53336
22/04/2024 16:30:00	122.12	130	121.68	121.88	65173
23/04/2024 16:30:00	122.68	124.16	122.56	123.84	35209
24/04/2024 16:30:00	124.46	124.46	123.52	123.8	51133
25/04/2024 16:30:00	123.5	123.6	122.06	122.7	131756
26/04/2024 16:30:00	124.46	124.72	124.1	124.36	41041
29/04/2024 16:30:00	125.06	125.16	124.78	124.9	34755
30/04/2024 16:30:00	125.1	125.18	124.16	124.18	43902
01/05/2024 16:30:00	123.08	123.38	122.8	123	33446
02/05/2024 16:30:00	123.94	124.34	123.22	123.82	29960
03/05/2024 16:30:00	124.82	126.32	124.64	125.66	38112
07/05/2024 16:30:00	126.88	133.18	126.56	127.2	72169
08/05/2024 16:30:00	126.92	127.04	126.34	126.96	217019
09/05/2024 16:30:00	126.74	127.5	126.5	127.46	34763
10/05/2024 16:30:00	127.88	128.3	127.7	127.8	22742
13/05/2024 16:30:00	128.02	135.46	127.92	128.02	38219
14/05/2024 16:30:00	127.98	128.34	127.4	128.2	37870
15/05/2024 16:30:00	128.66	129.74	128.56	129.74	50188
16/05/2024 16:30:00	130.18	130.58	129.92	130.24	53389
17/05/2024 16:30:00	129.82	130.08	129.58	129.9	24367
20/05/2024 16:30:00	130.24	130.52	130.08	130.52	29448
21/05/2024 16:30:00	130.02	132.88	129.76	130.02	43048
22/05/2024 16:30:00	130.14	130.18	129.8	129.92	95977
23/05/2024 16:30:00	130.3	130.72	129.4	129.74	39999
24/05/2024 16:30:00	128.8	129.74	128.66	129.64	42504
28/05/2024 16:30:00	130	130.36	129.46	129.62	75103
29/05/2024 16:30:00	129.04	129.18	128.22	128.28	49966
30/05/2024 16:30:00	127.58	128.47	127.4	128.28	42972
31/05/2024 16:30:00	127.84	128.54	127.44	127.46	89519
03/06/2024 16:30:00	129.46	129.6	128.72	128.92	49442
04/06/2024 16:30:00	128.74	128.96	128.1	128.36	38231
05/06/2024 16:30:00	129.1	129.84	129	129.84	27818
06/06/2024 16:30:00	130.42	130.6	130.28	130.46	71191
07/06/2024 16:30:00	130.64	131	129.38	130.2	35655
10/06/2024 16:30:00	129.6	130	129.36	130	40029
11/06/2024 16:30:00	130.14	130.2	129	129.54	29925
12/06/2024 16:30:00	130.1	131.98	130.04	131.68	39630
13/06/2024 16:30:00	131.24	131.5	130.34	130.54	51817
14/06/2024 16:30:00	130.8	130.82	129.68	130.22	63679
17/06/2024 16:30:00	130.46	130.98	130.16	130.54	80404
18/06/2024 16:30:00	131.3	131.64	131.1	131.44	42699
19/06/2024 16:30:00	131.84	131.92	131.7	131.76	26635
20/06/2024 16:30:00	132.06	135.14	131.72	131.88	154575
21/06/2024 16:30:00	131.58	131.66	130.82	131.04	56811
24/06/2024 16:30:00	131.14	132.04	131.04	131.82	82493
25/06/2024 16:30:00	131.44	131.7	131.14	131.4	60491
26/06/2024 16:30:00	131.82	132.06	130.81	131.12	116677
27/06/2024 16:30:00	131.4	131.88	131.22	131.38	85635
28/06/2024 16:30:00	131.98	132.4	131.74	132	37460
01/07/2024 16:30:00	131.96	145.2	131.1	131.4	76217
02/07/2024 16:30:00	131.34	131.83	130.9	131.66	74390
03/07/2024 16:30:00	132.36	133.39	132.3	133	60044
04/07/2024 16:30:00	133.32	133.64	133.26	133.48	33746
05/07/2024 16:30:00	133.68	133.82	133.12	133.66	76233
08/07/2024 16:30:00	133.72	134.3	133.68	133.98	44211
09/07/2024 16:30:00	134.24	134.32	133.8	133.86	48375
10/07/2024 16:30:00	134.1	134.68	134	134.64	44864
11/07/2024 16:30:00	135.34	136.18	135	135.04	130724
12/07/2024 16:30:00	135.08	136.2	134.8	136.08	40566
15/07/2024 16:30:00	135.82	140	135.66	136.12	51673
16/07/2024 16:30:00	135.64	136.18	135.34	135.88	62287
17/07/2024 16:30:00	135.84	135.88	134.93	135.02	77855
18/07/2024 16:30:00	135.38	135.62	134	134	81975
19/07/2024 16:30:00	133.8	133.8	132.88	132.88	100642
22/07/2024 16:30:00	133.16	140.84	133.04	133.48	73744
23/07/2024 16:30:00	133.84	134.3	133.5	134.3	65378
24/07/2024 16:30:00	132.94	133.44	131.92	132.12	80807
25/07/2024 16:30:00	131.2	133	130.2	131.46	99012
26/07/2024 16:30:00	131.02	131.98	131	131.68	45252
29/07/2024 16:30:00	132.6	134.2	131.52	131.52	72290
30/07/2024 16:30:00	131.98	139.4	131.3	131.42	74286
31/07/2024 16:30:00	132.86	133.76	132.58	133.74	36240
01/08/2024 16:30:00	133.64	134	131.88	131.88	53172
02/08/2024 16:30:00	129.98	130.08	127.92	128.24	122303
05/08/2024 16:30:00	126.14	126.98	122.68	125.84	279508
06/08/2024 16:30:00	126.48	144.7	125.18	126.48	100746
07/08/2024 16:30:00	127.26	128.76	126.98	128.42	70659
08/08/2024 16:30:00	126.76	128.36	125.84	128.3	67783
09/08/2024 16:30:00	128.82	129.44	128.22	128.98	66532
12/08/2024 16:30:00	129.36	129.9	128.9	129.32	42789
13/08/2024 16:30:00	129.84	130.72	129.32	130.7	26144
14/08/2024 16:30:00	131.36	131.8	131.04	131.76	38171
15/08/2024 16:30:00	132.16	134.06	131.9	133.58	53117
16/08/2024 16:30:00	134.16	134.24	133.3	133.84	66891
19/08/2024 16:30:00	134.22	135.2	134.2	135.18	48134
20/08/2024 16:30:00	135.66	135.8	135.08	135.12	94868
21/08/2024 16:30:00	135.38	136.08	135.24	135.74	22188
22/08/2024 16:30:00	136	136.34	135.48	135.52	104691
23/08/2024 16:30:00	135.58	140	135.5	136.64	60470
27/08/2024 16:30:00	136.32	144.82	135.84	136.2	71652
28/08/2024 16:30:00	136.56	136.66	135.72	135.74	71011
29/08/2024 16:30:00	135.86	137.07	135.8	136.72	79618
30/08/2024 16:30:00	136.46	136.84	136	136	30202
02/09/2024 16:30:00	136.6	144.16	136.24	136.86	88008
03/09/2024 16:30:00	136.82	145.06	134.8	135.08	113970
04/09/2024 16:30:00	133.38	134.88	133.26	134.22	104267
05/09/2024 16:30:00	133.8	136.96	133.4	133.4	115752
06/09/2024 16:30:00	133.4	134.2	131.52	131.86	78617
09/09/2024 16:30:00	132.24	132.96	132.16	132.62	74411
10/09/2024 16:30:00	132.66	133.08	132.28	132.6	78541
11/09/2024 16:30:00	132.78	133.16	131.19	131.9	62874
12/09/2024 16:30:00	134.42	134.68	133.82	134.42	34118
13/09/2024 16:30:00	135.36	136.14	135.28	136.02	206012
16/09/2024 16:30:00	135.9	136.3	135.62	135.88	114106
17/09/2024 16:30:00	136.36	136.96	136.28	136.64	43086
18/09/2024 16:30:00	136.4	136.52	135.9	135.94	40756
19/09/2024 16:30:00	137.56	138.4	137.12	138.2	64172
20/09/2024 16:30:00	138.08	138.2	137.1	137.34	41250
23/09/2024 16:30:00	138.04	138.36	137.36	138.26	80801
24/09/2024 16:30:00	138.64	140.96	138.24	138.84	58788
25/09/2024 16:30:00	138.58	143	138.3	138.84	70177
26/09/2024 16:30:00	140.02	140.6	139.5	139.9	68633
27/09/2024 16:30:00	139.9	140.56	139.65	140.22	72420
30/09/2024 16:30:00	139.96	140.2	139.44	139.54	71135
01/10/2024 16:30:00	139.96	140.34	138.26	138.74	153154
02/10/2024 16:30:00	139.14	139.58	138.42	139.34	101743
03/10/2024 16:30:00	138.96	139.16	138.16	138.54	100859
04/10/2024 16:30:00	138.7	139.6	138.64	138.74	89206
07/10/2024 16:30:00	139.64	139.76	138.93	139.44	54974
08/10/2024 16:30:00	138.16	139.1	137.9	138.92	58882
09/10/2024 16:30:00	138.64	139.58	138.48	139.58	39934
10/10/2024 16:30:00	139.64	139.94	139.1	139.56	31753
11/10/2024 16:30:00	139.42	141	139.28	140.38	56118
14/10/2024 16:30:00	140.32	141.1	140.2	140.94	83437
15/10/2024 16:30:00	140.84	140.98	140	140.2	48485
16/10/2024 16:30:00	139.72	143	139.6	139.98	52718
17/10/2024 16:30:00	140.24	142.58	140.2	140.6	45755
18/10/2024 16:30:00	140.5	141.01	140.34	140.8	61229
21/10/2024 16:30:00	140.56	140.8	139.66	139.68	51567
22/10/2024 16:30:00	140	140.06	139.32	139.76	37062
23/10/2024 16:30:00	139.7	139.94	138.82	138.84	31745
24/10/2024 16:30:00	139	139.52	138.82	138.86	40884
25/10/2024 16:30:00	139.02	140.04	138.9	139.56	27245
28/10/2024 16:30:00	139.58	139.76	139.18	139.56	45895
29/10/2024 16:30:00	139.58	139.76	138.9	139.36	41104
30/10/2024 16:30:00	139.52	139.68	138.64	139.32	54327
31/10/2024 16:30:00	138.04	142.18	136.72	137.06	110622
01/11/2024 16:30:00	137.14	138.7	136.98	138.04	86711
04/11/2024 16:30:00	137.7	146.32	137.34	137.52	71353
05/11/2024 16:30:00	137.68	138.6	137.48	138.58	56838
06/11/2024 16:30:00	140.1	141.18	139.22	139.9	81687
07/11/2024 16:30:00	140.9	142.02	140.84	141.82	51774
08/11/2024 16:30:00	142.02	142.34	141.2	141.56	45866
11/11/2024 16:30:00	142	142.34	141.74	141.9	69015
12/11/2024 16:30:00	141.3	150.4	140.6	140.66	55387
13/11/2024 16:30:00	140.32	149.08	139.86	140.56	74581
14/11/2024 16:30:00	140.42	140.82	140.26	140.5	75869
15/11/2024 16:30:00	139.26	139.64	138.44	138.62	60020
18/11/2024 16:30:00	138.72	139.36	138.3	139.36	46955
19/11/2024 16:30:00	139.54	139.89	137.76	139.32	59417
20/11/2024 16:30:00	139.9	147.66	138.38	138.54	64318
21/11/2024 16:30:00	139.2	140.08	138.64	139.84	62456
22/11/2024 16:30:00	140.16	148.22	139.3	140.16	116350
25/11/2024 16:30:00	141.06	150	140.94	141	231493
26/11/2024 16:30:00	140.46	141.24	140.4	140.94	31914
27/11/2024 16:30:00	141.3	141.5	140.96	141.08	44196
28/11/2024 16:30:00	141.18	150	141.16	141.38	15964
29/11/2024 16:30:00	141.42	142	141.14	141.98	53192